37,9001,6.000000000000000152e-05,0.00046000000000000001391,0,0,0,75,1.0081999999999999851,0,1,-360,360,79.632493299238277018,8.726584078065007688,-79.628732548012152392,-8.697751652016282975
9001,9005,0.00080000000000000003834,0.0034800000000000000204,0,0,0,0,0,0,1,-360,360,36.202235341724730233,-6.4602442807787454626,-36.191666980144390209,6.5062166536532215488
9001,9006,0.024389999999999998487,0.43681999999999998607,0,0,0,0,0.96679999999999999272,0,1,-360,360,26.434709944162293027,10.363477312759709292,-26.255171128516472834,-7.1479731942519260102
9001,9012,0.036240000000000001379,0.64898000000000000131,0,0,0,0,0.97960000000000002629,0,1,-360,360,16.991787262140945813,4.7945186200904483798,-16.885894347085738332,-2.8982055954620848937
9005,9051,0.015779999999999998889,0.37486000000000002652,0,0,0,0,1.0435000000000000941,0,1,-360,360,36.03583327464164654,-6.8327834938011129395,-35.809999999999988063,12.197540232215214218
9005,9052,0.015779999999999998889,0.37486000000000002652,0,0,0,0,0.93910000000000004583,0,1,-360,360,30.235453556502246641,28.593290252879789648,-29.999999999999971578,-22.999999999999925393
9005,9053,0.016019999999999999518,0.38046000000000002039,0,0,0,0,1.0435000000000000941,0,1,-360,360,27.920380148997718806,-7.3702949426750610229,-27.778267632776948659,10.745334138764947696
9005,9054,0,0.15199999999999999623,0,0,0,0,1.0435000000000000941,0,1,-360,360,-50.000000000000021316,-17.468776279060744372,50.000000000000035527,22.00477571344318406
9005,9055,0,0.80000000000000004441,0,0,0,0,1.0435000000000000941,0,1,-360,360,-7.9999999999999991118,-3.4276521910009565275,8,4.0723226875748261833
9006,9007,0.055579999999999997462,0.24665999999999999037,0,0,0,0,0,0,1,-360,360,9.4694060048507964211,2.6549954193214819753,-9.4159627661914822028,-2.4178182108345058765
9006,9003,0.11118000000000000105,0.49331999999999998074,0,0,0,0,0,0,1,-360,360,8.3928825618328595226,2.2464888874652153561,-8.3094445541453474391,-1.8762636855187939666
9006,9003,0.11118000000000000105,0.49331999999999998074,0,0,0,0,0,0,1,-360,360,8.3928825618328595226,2.2464888874652153561,-8.3094445541453474391,-1.8762636855187939666
9012,9002,0.076219999999999996088,0.43286000000000002252,0,0,0,0,0,0,1,-360,360,6.5233211176973142642,0.74157536622968744933,-6.4906168248283195865,-0.5558448465331093935
9012,9002,0.076219999999999996088,0.43286000000000002252,0,0,0,0,0,0,1,-360,360,6.5233211176973142642,0.74157536622968744933,-6.4906168248283195865,-0.5558448465331093935
9002,9021,0.053699999999999997735,0.070260000000000003006,0,0,0,0,0,0,1,-360,360,7.3533098816676831788,2.5693703563653249589,-7.3203671988316116881,-2.5262688126770163066
9021,9023,1.106800000000000006,0.95277999999999996028,0,0,0,0,0,0,1,-360,360,0.95228120444142838608,0.34993045359644214809,-0.94062762734183436031,-0.33989856419551034428
9021,9022,0.44363999999999997881,2.8151999999999999247,0,0,0,0,1,0,1,-360,360,1.6180859943899734699,0.61633835908056056052,-1.6044801583490171382,-0.52999999999999769518
9002,9024,0.50748000000000004217,3.2202000000000001734,0,0,0,0,1,0,1,-360,360,1.4279237679890819379,0.54609689531520222427,-1.4159314530910758201,-0.47000000000000030642
9023,9025,0.66688000000000002832,3.9439999999999999503,0,0,0,0,1,0,1,-360,360,0.47037193428932971839,0.17039016398436276911,-0.46861509033448944805,-0.16000000000000239031
9023,9026,0.61129999999999995453,3.6152000000000001911,0,0,0,0,1,0,1,-360,360,0.47025569305252568064,0.16950840021115451406,-0.4686479023219770057,-0.15999999999999900413
9007,9071,0.44119999999999998108,2.9668000000000001037,0,0,0,0,1,0,1,-360,360,1.073426250043516772,0.38935750476383412799,-1.0675733003664897858,-0.35000000000000003331
9007,9072,0.30792000000000002702,2.0569999999999999396,0,0,0,0,1,0,1,-360,360,1.0721115415977706675,0.37703137404859071724,-1.0680651144237112149,-0.35000000000000475175
9007,9003,0.055800000000000002376,0.24665999999999999037,0,0,0,0,0,0,1,-360,360,7.2704249745502407265,1.651429332022151808,-7.238866509052721554,-1.5119273409895657156
9003,9031,0.73633000000000004004,4.6723999999999996646,0,0,0,0,1,0,1,-360,360,1.9617775197969149481,0.86186018579515843996,-1.9268142652368278611,-0.6399999999999979039
9003,9032,0.76978000000000001979,4.8845999999999998309,0,0,0,0,1,0,1,-360,360,1.4725981066663804686,0.60823356101943204521,-1.4523893627361632586,-0.4799999999999983169
9003,9033,0.75731999999999999318,4.8056000000000000938,0,0,0,0,1,0,1,-360,360,2.0142626467906361576,0.89110390364591607337,-1.976266806872805093,-0.64999999999999857891
9003,9044,0.073779999999999998361,0.063519999999999993134,0,0,0,0,0,0,1,-360,360,4.4069320676131544801,1.5833886856256382814,-4.3902004579277829066,-1.5689838083253553336
9044,9004,0.038319999999999999896,0.028940000000000000446,0,0,0,0,0,0,1,-360,360,4.3902004579276887597,1.5689838083248350831,-4.3815103619241195787,-1.5624208809150412769
9004,9041,0.366140000000000021,2.4559999999999999609,0,0,0,0,1,0,1,-360,360,1.0613061480200502995,0.38276281746309287479,-1.0564218735958086359,-0.34999999999999759082
9004,9042,1.0592999999999999083,5.4535999999999997812,0,0,0,0,1,0,1,-360,360,0.85543828858180659402,0.32797195309538207386,-0.84612028030948449597,-0.2800000000000023026
9004,9043,0.15670000000000000595,1.6994000000000000217,0,0,0,0,1,0,1,-360,360,1.6047659253224175746,0.5716861103567878466,-1.6000000000000065281,-0.52000000000002100098
9003,9034,0.13006000000000000894,1.3911999999999999922,0,0,0,0,1,0,1,-360,360,1.6348237147213822151,-1.1142048702631583978,-1.6295590287610997038,1.170519118363617217
9003,9035,0.54483999999999999098,3.4571999999999998288,0,0,0,0,1,0,1,-360,360,1.7616149197776522772,0.70892284999297716652,-1.7412972275440030678,-0.58000000000000262457
9003,9036,0.15426000000000000822,1.6729000000000000536,0,0,0,0,1,0,1,-360,360,3.0470517630810456389,1.1849208768201797692,-3.0300000000000006928,-1.0000000000000073275
9003,9037,0.3849000000000000199,2.5712000000000001521,0,0,0,0,1,0,1,-360,360,1.9693171558412769784,0.75842007411737444311,-1.9515900686727254421,-0.63999999999999446221
9003,9038,0.44119999999999998108,2.9668000000000001037,0,0,0,0,1,0,1,-360,360,2.7440049420737815389,1.1624856906661791278,-2.703482936302608497,-0.89000000000000467626
9012,9121,0.23552000000000000712,0.99036000000000001808,0,0,0,0,0,0,1,-360,360,3.8392521116911106915,1.4150548630027219854,-3.8000000000000069278,-1.25
9053,9533,0,0.75,0,0,0,0,0.95830000000000004068,0,1,-360,360,1.298267632776919589,0.42284039466900980031,-1.2982676327769204772,-0.41000000000000169642
1,5,0.0010000000000000000208,0.0060000000000000001249,0,0,0,0,0,0,1,-360,360,402.06641114792557801,96.847107794557899751,-400.44926856649436786,-87.144252305970752559
2,6,0.0010000000000000000208,0.00899999999999999932,0,0,0,0,0,0,1,-360,360,158.50512431113935463,31.076463937996717135,-158.26173502294429341,-28.885960344241510711
2,8,0.0060000000000000001249,0.026999999999999999695,0.053999999999999999389,0,0,0,0,0,1,-360,360,365.11032916476921173,9.7118892264484273369,-357.63981327461124238,18.227970004556411254
3,7,0,0.0030000000000000000625,0,0,0,0,0,0,1,-360,360,260.14324747346029199,123.69988204256819131,-260.14324747346029199,-121.19608938163884204
3,19,0.0080000000000000001665,0.069000000000000005773,0.13900000000000001243,0,0,0,0,0,1,-360,360,139.13421490073730524,5.5837461684673028728,-137.56396315854098589,-5.6510634003775619405
3,150,0.0010000000000000000208,0.0070000000000000001457,0,0,0,0,0,0,1,-360,360,92.89920195083318788,131.81952309983867622,-92.63761979873518726,-129.98844803515285662
4,16,0.0020000000000000000416,0.018999999999999999528,1.1270000000000000018,0,0,0,0,0,1,-360,360,712.54665756978704394,-93.091960126724842439,-702.96941330721858776,64.233722512392333215
5,9,0.0060000000000000001249,0.029000000000000001471,0.01799999999999999864,0,0,0,0,0,1,-360,360,119.33139653000515068,31.430012910657705305,-118.44822475597965195,-29.002179010676588433
7,12,0.0010000000000000000208,0.00899999999999999932,0.070000000000000006661,0,0,0,0,0,1,-360,360,180.48689759837441215,-65.683462658256530631,-180.11756388766724513,62.071823383127522789
7,131,0.0010000000000000000208,0.0070000000000000001457,0.014000000000000000291,0,0,0,0,0,1,-360,360,46.035956934520676498,95.876511419477253639,-45.919987413930115849,-96.436259706431314953
8,11,0.012999999999999999403,0.059499999999999997335,0.033000000000000001554,0,0,0,0,0,1,-360,360,1.5457322899261654037,14.416868111015993748,-1.5126695239270600002,-17.635140217130341966
8,14,0.012999999999999999403,0.042000000000000002609,0.081000000000000002554,0,0,0,0,0,1,-360,360,293.09408098468463777,-36.797182799671482201,-282.12637408659020366,64.013155682922445067
9,11,0.0060000000000000001249,0.026999999999999999695,0.012999999999999999403,0,0,0,0,0,1,-360,360,22.448224755979889977,-13.997820989324317509,-22.407582265372798958,12.868928108600318438
11,13,0.0080000000000000001665,0.034000000000000002442,0.01799999999999999864,0,0,0,0,0,1,-360,360,153.40942225498409357,-9.3010379420526678729,-151.54221977598547255,15.430617956165498583
12,21,0.0020000000000000000416,0.014999999999999999445,0.11799999999999999378,0,0,0,0,0,1,-360,360,420.6283934219829348,98.461743520931122475,-416.85231833354617947,-81.620844834648096366
13,20,0.0060000000000000001249,0.034000000000000002442,0.016000000000000000333,0,0,0,0,0,1,-360,360,93.54221977598544413,-25.430617956165551874,-92.978179495015609746,27.02896208795477051
14,15,0.014000000000000000291,0.042000000000000002609,0.097000000000000002887,0,0,0,0,0,1,-360,360,122.12637408659041682,-124.013155682921834,-118.04327037791307475,126.23118380099298008
15,37,0.06500000000000000222,0.24799999999999999822,0.12099999999999999645,0,0,0,0,0,1,-360,360,19.95810198814467995,-5.3135710238181337317,-19.715303445701632512,-6.5297217029852774317
15,89,0.099000000000000004663,0.24799999999999999822,0.035000000000000003331,0,0,0,0,0,1,-360,360,17.214560536522181877,-7.1972318696040398223,-16.914132500203677978,4.2145833479443490788
15,90,0.096000000000000001998,0.36299999999999998934,0.048000000000000000999,0,0,0,0,0,1,-360,360,13.317101319826315731,-3.7320938864287334091,-13.156766699069159188,-0.76204475659205761495
16,42,0.0020000000000000000416,0.021999999999999998723,1.2800000000000000266,0,0,0,0,0,1,-360,360,401.19703130699735993,-150.14043755492895116,-398.04549936261901166,46.818178630648844774
19,21,0.0020000000000000000416,0.01799999999999999864,0.03599999999999999728,0,0,0,0,0,1,-360,360,-45.936638408091631902,40.462162076158527668,46.017346227033087303,-43.183019250976833803
19,87,0.012999999999999999403,0.080000000000000001665,0.15099999999999999534,0,0,0,0,0,1,-360,360,183.50060156663263911,-34.811098675781487088,-178.85832719662334966,48.670439398251829743
20,22,0.016000000000000000333,0.033000000000000001554,0.014999999999999999445,0,0,0,0,0,1,-360,360,-15.121763765710728222,21.036548688743319957,15.234080913135560564,-22.300811023462411953
20,27,0.069000000000000005773,0.18599999999999999867,0.098000000000000003775,0,0,0,0,0,1,-360,360,24.313364336454210246,0.51826709134837611881,-23.886002967432336419,-8.9344538192231919282
21,24,0.0040000000000000000833,0.034000000000000002442,0.28000000000000002665,0,0,0,0,0,1,-360,360,-227.37844896921589566,-65.508603391832139096,229.66774534635052873,57.495481763824606958
22,23,0.051999999999999997613,0.11100000000000000144,0.050000000000000002776,0,0,0,0,0,1,-360,360,-96.234080913135485957,-0.69918897653727174468,101.08758960449051756,5.8214149378182939998
23,25,0.018999999999999999528,0.038999999999999999944,0.01799999999999999864,0,0,0,0,0,1,-360,360,126.46903300410410509,12.024348151791425465,-123.68394374857165019,-8.2425477753096174638
24,319,0.0070000000000000001457,0.068000000000000004885,0.13400000000000000799,0,0,0,0,0,1,-360,360,116.77563204505467809,-28.203782702470803656,-115.80000000000001137,24.000000000000046185
25,26,0.03599999999999999728,0.070999999999999993672,0.034000000000000002442,0,0,0,0,0,1,-360,360,78.683943748571635979,-3.7574522246906996159,-76.554346522966838506,4.4819964551170192735
26,27,0.044999999999999998335,0.11999999999999999556,0.06500000000000000222,0,0,0,0,0,1,-360,360,46.077820758841099291,0.3052303608268472912,-45.113997032567645817,-4.0655461807771642313
26,320,0.042999999999999996558,0.13000000000000000444,0.014000000000000000291,0,0,0,0,0,1,-360,360,2.4765257641256774868,-13.787226815943665059,-2.4000000000000341061,12.599999999999978328
33,34,0,0.063000000000000000444,0,0,0,0,0,0,1,-360,360,-121.12310900021950033,-23.109091588054724298,121.12310900021951454,32.234314248801418046
33,38,0.002500000000000000052,0.01200000000000000025,0.012999999999999999403,0,0,0,0,0,1,-360,360,85.533775336537971157,18.194186883492559303,-85.351053892311597338,-18.67612369867751454
33,40,0.0060000000000000001249,0.029000000000000001471,0.020000000000000000416,0,0,0,0,0,1,-360,360,47.953649464200076125,-0.37321634988748964012,-47.822186887396014754,-1.0848926110594001582
33,41,0.0070000000000000001457,0.042999999999999996558,0.025999999999999998807,0,0,0,0,0,1,-360,360,-67.364315800519676714,-0.71187894555433672839,67.666951222194612114,-0.17097804573747155121
34,42,0.0010000000000000000208,0.0080000000000000001665,0.042000000000000002609,0,0,0,0,0,1,-360,360,-121.12310900021938664,-32.234314248797879543,121.26664779399303029,28.811958644685653042
35,72,0.01200000000000000025,0.05999999999999999778,0.0080000000000000001665,0,0,0,0,0,1,-360,360,48.592875943524923343,0.52020966463834639182,-48.295124298992469392,0.21170133159415793767
35,76,0.0060000000000000001249,0.014000000000000000291,0.0020000000000000000416,0,0,0,0,0,1,-360,360,113.04292068807220062,39.175883263934416334,-112.14030975205722029,-37.257763132228227221
35,77,0.010000000000000000208,0.029000000000000001471,0.0030000000000000000625,0,0,0,0,0,1,-360,360,-48.096961315731356024,-10.509149500823305345,48.351253829775650672,10.958627231490753573
36,88,0.0040000000000000000833,0.026999999999999999695,0.042999999999999996558,0,0,0,0,0,1,-360,360,-113.53883531586524214,-35.972040931093687277,114.09891041746797669,35.381448224498420529
37,38,0.0080000000000000001665,0.047000000000000000111,0.0080000000000000001665,0,0,0,0,0,1,-360,360,49.777953389396181194,-8.6307684973466933798,-49.582295338339179125,8.9475561255655549076
37,40,0.021999999999999998723,0.064000000000000001332,0.0070000000000000001457,0,0,0,0,0,1,-360,360,38.752985638130958534,-15.477929993809253162,-38.3872323499269541,15.812364164838099256
37,41,0.010000000000000000208,0.03599999999999999728,0.020000000000000000416,0,0,0,0,0,1,-360,360,-43.886672338822712902,-14.43064294265691494,44.088967327458952639,13.058758918114696357
37,49,0.017000000000000001221,0.081000000000000002554,0.048000000000000000999,0,0,0,0,0,1,-360,360,-185.91914672550063869,15.805928520166876439,191.62014830007288424,6.2265205904661780067
37,89,0.10199999999999999345,0.25400000000000000355,0.033000000000000001554,0,0,0,0,0,1,-360,360,-2.0518972448614229975,-5.5382979383858677025,2.0703338086049640765,2.1106648855777572216
37,90,0.047000000000000000111,0.12700000000000000178,0.016000000000000000333,0,0,0,0,0,1,-360,360,-1.5904125718806727541,-5.9251515230050033622,1.6032670483682287532,4.2831453344985028764
38,41,0.0080000000000000001665,0.036999999999999998168,0.020000000000000000416,0,0,0,0,0,1,-360,360,-104.69699929124315929,-1.2127184651410716221,105.53935196380832906,3.0081405405939509734
38,43,0.032000000000000000666,0.086999999999999994005,0.040000000000000000833,0,0,0,0,0,1,-360,360,84.63034852189502999,-7.0587139617418266369,-82.421144853077890957,8.9799865508359744126
39,42,0.00059999999999999994744,0.0064000000000000003067,0.40400000000000002576,0,0,0,0,0,1,-360,360,499.99999999999954525,80.364940507074365428,-498.59165848867615978,-109.82310218788062173
40,48,0.025999999999999998807,0.153999999999999998,0.021999999999999998723,0,0,0,0,0,1,-360,360,40.209419237323203333,6.2725284462209609515,-39.79296624448431885,-6.0583143616915107188
41,42,0,0.029000000000000001471,0,0,0,0,0,0,1,-360,360,-195.32385499240081117,-50.438722065931585803,195.32385499240078275,61.57845056608219636
41,49,0.06500000000000000222,0.19100000000000000311,0.020000000000000000416,0,0,0,0,0,1,-360,360,-67.394147590114101831,16.863725200354938494,70.377928434536755731,-10.252678191894752047
41,51,0.030999999999999999778,0.088999999999999995781,0.03599999999999999728,0,0,0,0,0,1,-360,360,-40.577267930946995023,17.679075452604415375,41.1713077016052722,-19.773124272769749155
42,46,0.0020000000000000000416,0.014000000000000000291,0.80600000000000004974,0,0,0,0,0,1,-360,360,580.04665506490118787,-27.385485653547302576,-573.87891513967997525,-16.574139292777690713
43,44,0.025999999999999998807,0.07199999999999999456,0.035000000000000003331,0,0,0,0,0,1,-360,360,10.929494062021202438,-16.727865694875294622,-10.840259190341255291,13.441709269854095865
43,48,0.09500000000000000111,0.26200000000000001066,0.032000000000000000666,0,0,0,0,0,1,-360,360,-3.9360879994743815935,-0.61959202556015680052,3.9517007982579661629,-2.5459653252483294139
43,53,0.012999999999999999403,0.038999999999999999944,0.016000000000000000333,0,0,0,0,0,1,-360,360,36.427738790531172697,-0.63252883040001006698,-36.255479884475498409,-0.44553402181667922655
44,47,0.026999999999999999695,0.084000000000000005218,0.038999999999999999944,0,0,0,0,0,1,-360,360,118.80788492837946535,2.7553137607546740462,-115.05650824236100505,5.0667444040334519428
44,54,0.028000000000000000583,0.084000000000000005218,0.036999999999999998168,0,0,0,0,0,1,-360,360,-21.537235196748721222,9.8884594352861601152,21.703000594611200569,-13.142671999827221896
45,60,0.0070000000000000001457,0.041000000000000001721,0.31199999999999999956,0,0,0,0,0,1,-360,360,-223.35469358838525977,24.611005386644492887,226.81254772429397804,-37.021208594084924925
45,74,0.00899999999999999932,0.053999999999999999389,0.41099999999999997646,0,0,0,0,0,1,-360,360,241.74113029906854422,0.94172531285883209762,-236.65892037287630956,-12.303674033810874988
46,81,0.0050000000000000001041,0.042000000000000002609,0.68999999999999994671,0,0,0,0,0,1,-360,360,311.06208788770783258,-53.687112063183384691,-306.52841320659427993,17.952423180743714681
47,73,0.051999999999999997613,0.14499999999999999001,0.072999999999999995448,0,0,0,0,0,1,-360,360,26.506352850652060482,-12.150676229668921025,-26.083504481441583067,6.3510952515966003773
47,113,0.042999999999999996558,0.11799999999999999378,0.012999999999999999403,0,0,0,0,0,1,-360,360,30.550155391709076014,-4.7160681743640351371,-30.122928616070225871,4.6551184439193464826
48,107,0.025000000000000001388,0.061999999999999999556,0.0070000000000000001457,0,0,0,0,0,1,-360,360,-5.158734553773750342,-10.395720313059655382,5.1904854343601929401,9.7664360886231609271
49,51,0.030999999999999999778,0.094000000000000000222,0.042999999999999996558,0,0,0,0,0,1,-360,360,101.94840033443797722,-6.6551438982816542023,-99.0067878596366171,10.955220751227962239
51,52,0.036999999999999998168,0.10899999999999999967,0.049000000000000001887,0,0,0,0,0,1,-360,360,62.835480158031465692,3.8179035215424859118,-61.431667861534890562,-4.6985525390255968858
52,55,0.026999999999999999695,0.080000000000000001665,0.03599999999999999728,0,0,0,0,0,1,-360,360,0.43166786153483460708,-23.301447460974170411,-0.30620930048103206511,20.025418068418694872
53,54,0.025000000000000001388,0.072999999999999995448,0.035000000000000003331,0,0,0,0,0,1,-360,360,-32.74452011552489239,-2.5544659781847514068,33.014878222509516092,-0.16025603320228426485
54,55,0.035000000000000003331,0.10299999999999999434,0.047000000000000000111,0,0,0,0,0,1,-360,360,-64.717878817120762847,12.302928033030099186,66.243508249395816279,-12.609141874624821611
55,57,0.06500000000000000222,0.16900000000000001132,0.082000000000000003442,0,0,0,0,0,1,-360,360,-42.937298948914722985,2.9548254553172488279,44.13266988756181064,-8.4512198025624183373
57,58,0.045999999999999999223,0.080000000000000001665,0.03599999999999999728,0,0,0,0,0,1,-360,360,-10.122840065911505647,58.513397982298954503,11.739999177779408157,-59.394210831491712099
57,63,0.15900000000000000244,0.53700000000000003286,0.070999999999999993672,0,0,0,0,0,1,-360,360,32.990170178349806918,3.5059827258935181149,-31.29074674033787673,-4.8182852593061289426
58,59,0.00899999999999999932,0.025999999999999998807,0.0050000000000000001041,0,0,0,0,0,1,-360,360,-25.739999177779161244,58.394210831492252112,26.1152202982156183,-57.79570827339480843
59,61,0.0020000000000000000416,0.012999999999999999403,0.014999999999999999445,0,0,0,0,0,1,-360,360,-244.11522029821551882,-48.204291726606413704,245.40616692468947235,55.140773484863736087
60,62,0.00899999999999999932,0.06500000000000000222,0.48499999999999998668,0,0,0,0,0,1,-360,360,-226.81254772429397804,37.021208594084740184,231.55648905126358272,-53.257132047729683677
62,64,0.016000000000000000333,0.10499999999999999611,0.20300000000000001377,0,0,0,0,0,1,-360,360,197.19344750166385438,44.98298904126490072,-190.68995697047276394,-21.903043027492604011
62,144,0.0010000000000000000208,0.0070000000000000001457,0.012999999999999999403,0,0,0,0,0,1,-360,360,-101.15610347761678156,13.169544374740798531,101.25707942944450224,-13.804838825247811585
63,526,0.026499999999999999251,0.17199999999999998623,0.025999999999999998807,0,0,0,0,0,1,-360,360,151.98070371081072949,6.1119959802872712018,-145.29999999999995453,34.900000000000133582
69,211,0.050999999999999996725,0.23200000000000001177,0.028000000000000000583,0,0,0,0,0,1,-360,360,-27.451492306830914458,-10.721584724362481111,27.915053754643139428,10.127730652205679363
69,79,0.050999999999999996725,0.15700000000000000067,0.022999999999999999611,0,0,0,0,0,1,-360,360,-17.304060701928030142,-7.0924325342329437305,17.488820338861721382,5.4863965394464280223
70,71,0.032000000000000000666,0.10000000000000000555,0.061999999999999999556,0,0,0,0,0,1,-360,360,-84.367760634018623023,1.4386762558387555799,86.890944218299551949,0.66721229027462136685
70,528,0.020000000000000000416,0.1233999999999999958,0.028000000000000000583,0,0,0,0,0,1,-360,360,28.36776063401854131,-21.438676255838750251,-28.099999999999962341,20.499999999999875655
71,72,0.03599999999999999728,0.13100000000000000533,0.068000000000000004885,0,0,0,0,0,1,-360,360,-26.2330925904994956,11.894562338400616497,26.577580709850323615,-17.098825307569804011
71,73,0.034000000000000002442,0.099000000000000004663,0.047000000000000000111,0,0,0,0,0,1,-360,360,-60.657851627799864502,22.822900712253826327,62.184946829109556177,-22.876440521516926196
72,77,0.01799999999999999864,0.086999999999999994005,0.010999999999999999362,0,0,0,0,0,1,-360,360,-49.338581987856549915,-5.0360102568644675713,49.808558171503783285,6.2581677328807234773
72,531,0.025600000000000001227,0.19300000000000000488,0,0,0,0,0,0,1,-360,360,14.056125576998447002,2.9231342328401708208,-13.999999999999959144,-2.5000000000000031086
73,76,0.021000000000000001305,0.057000000000000002054,0.02999999999999999889,0,0,0,0,0,1,-360,360,27.503070318259243976,13.296715486475619628,-27.289185873071698296,-15.541386719447508824
73,79,0.01799999999999999864,0.051999999999999997613,0.01799999999999999864,0,0,0,0,0,1,-360,360,-23.40224490269228852,-0.88675463483545025056,23.505391857698302971,-0.54332870714555303593
74,88,0.0040000000000000000833,0.026999999999999999695,0.050000000000000002776,0,0,0,0,0,1,-360,360,-78.806479625640719178,-59.382868642791756031,79.187072643574168751,56.892577901221955017
74,562,0.028600000000000000422,0.20130000000000000671,0.37900000000000000355,0,0,0,0,0,1,-360,360,51.263132235282760973,-14.161154787018045198,-50.499999999999900524,-17.400000000000005684
76,77,0.016000000000000000333,0.042999999999999996558,0.0040000000000000000833,0,0,0,0,0,1,-360,360,-68.570504374872584208,-19.935919549474881762,69.448666442286679512,21.916861767560462226
77,78,0.0010000000000000000208,0.0060000000000000001249,0.0070000000000000001457,0,0,0,0,0,1,-360,360,-257.85336813438613035,-57.713930073678923804,258.57435977926331816,61.358085627778500282
77,80,0.014000000000000000291,0.070000000000000006661,0.037999999999999999056,0,0,0,0,0,1,-360,360,-3.11811267617787502,-6.0692734439379867339,3.1221077959506340349,2.3985274480010616571
77,552,0.089099999999999998646,0.26760000000000000453,0.029000000000000001471,0,0,0,0,0,1,-360,360,-10.983184369437715588,-3.9051953055469992293,11.099999999999999645,1.4000000000000560885
77,609,0.078200000000000005618,0.21270000000000000018,0.021999999999999998723,0,0,0,0,0,1,-360,360,30.34618673643533171,0.55474209123226181362,-29.60000000000006537,-0.59999999999994368949
78,79,0.0060000000000000001249,0.021999999999999998723,0.010999999999999999362,0,0,0,0,0,1,-360,360,79.425640220736866581,14.491970009808097686,-79.025636787255180593,-14.094762753418093482
78,84,0,0.03599999999999999728,0,0,0,0,0,0,1,-360,360,-338.00000000000005684,-75.85005563758895164,338.00000000000005684,119.92409113911976704
79,211,0.099000000000000004663,0.375,0.050999999999999996725,0,0,0,0,0,1,-360,360,-9.9685754093046607949,-4.8483050788816912657,10.076451424729143014,0.23854544916922237885
80,211,0.021999999999999998723,0.10699999999999999789,0.058000000000000002942,0,0,0,0,0,1,-360,360,-31.122107795950647358,-9.3985274480009408649,31.350488837560607891,4.7722433591526458585
81,194,0.0035000000000000000729,0.033000000000000001554,0.53000000000000002665,0,0,0,0,0,1,-360,360,11.469291863929770514,-76.072979149219420947,-11.390416514840854489,19.317328698250687324
81,195,0.0035000000000000000729,0.033000000000000001554,0.53000000000000002665,0,0,0,0,0,1,-360,360,101.77313828162444054,-43.054740750776588243,-101.42706160429533213,-10.45885960855389385
85,86,0.0080000000000000001665,0.064000000000000001332,0.12800000000000000266,0,0,0,0,0,1,-360,360,-92.657144748898687681,2.5086533608014298657,93.368302655696794545,-9.3384972985084271357
86,87,0.01200000000000000025,0.092999999999999999334,0.182999999999999996,0,0,0,0,0,1,-360,360,-116.17230099721862757,11.497475052728569622,117.87324709360240149,-16.3012265873822777
86,323,0.0060000000000000001249,0.048000000000000000999,0.091999999999999998446,0,0,0,0,0,1,-360,360,-14.855768966266927222,17.912070601555839744,14.899999999999961275,-26.500000000000184741
89,91,0.047000000000000000111,0.11899999999999999467,0.014000000000000000291,0,0,0,0,0,1,-360,360,-29.356201308401342231,-6.3252482335221484888,29.750463506195234942,5.8036750851981970811
90,92,0.032000000000000000666,0.17399999999999998801,0.0240000000000000005,0,0,0,0,0,1,-360,360,-54.446500349299029153,-3.521100577906552509,55.347030221557702134,5.8234433225473756224
91,94,0.10000000000000000555,0.25300000000000000266,0.030999999999999999778,0,0,0,0,0,1,-360,360,8.4712082766805192335,19.49198838687975055,-7.9999762954019599803,-21.543369338681262803
91,97,0.021999999999999998723,0.076999999999999999001,0.038999999999999999944,0,0,0,0,0,1,-360,360,99.37832821712405007,18.733095563314808629,-97.328323457351530124,-15.737874459461478338
92,103,0.018999999999999999528,0.14399999999999998912,0.017000000000000001221,0,0,0,0,0,1,-360,360,78.315953932373275848,9.6513733570550250818,-77.243706684107792171,-3.3651592623494206435
92,105,0.017000000000000001221,0.091999999999999998446,0.01200000000000000025,0,0,0,0,0,1,-360,360,140.53701584606912434,15.487608246711390692,-137.46305952240055603,-0.1431201105803192597
94,97,0.27800000000000002487,0.42699999999999999067,0.042999999999999996558,0,0,0,0,0,1,-360,360,8.6850563984230007009,-13.121713987371125043,-8.1310724228074100495,9.6237679620047646978
97,100,0.021999999999999998723,0.052999999999999998501,0.0070000000000000001457,0,0,0,0,0,1,-360,360,43.472803998251222879,5.5394252011069813335,-43.064387138642459263,-5.2725878870879041571
97,102,0.037999999999999999056,0.091999999999999998446,0.01200000000000000025,0,0,0,0,0,1,-360,360,40.190193364125654796,2.8429589110642776717,-39.593772209098162307,-2.6219099197021962233
97,103,0.048000000000000000999,0.12199999999999999734,0.014999999999999999445,0,0,0,0,0,1,-360,360,-18.103601482217534624,-2.268277614713266388,18.25636473579758956,1.0852067098301769743
98,100,0.0240000000000000005,0.064000000000000001332,0.0070000000000000001457,0,0,0,0,0,1,-360,360,-6.9580818716452190742,-7.087538094141790701,6.9805961091418469167,6.4433733462781823675
98,102,0.034000000000000002442,0.12099999999999999645,0.014999999999999999445,0,0,0,0,0,1,-360,360,8.2580818716449098105,-3.6056516237215689991,-8.2321226464306214154,2.19697408092072477
99,107,0.052999999999999998501,0.13500000000000000888,0.017000000000000001221,0,0,0,0,0,1,-360,360,-52.293463701141732258,7.0416852234351301476,53.807718965843463366,-4.8827856369254005742
99,108,0.0020000000000000000416,0.0040000000000000000833,0.0020000000000000000416,0,0,0,0,0,1,-360,360,-10.37925397377945913,-10.775639111357287803,10.383784757530186482,10.588807663234984346
99,109,0.044999999999999998335,0.35399999999999998135,0.043999999999999997446,0,0,0,0,0,1,-360,360,28.322983199800688681,-0.35748428813091176481,-27.952706956247997283,-0.97552728637803620693
99,110,0.050000000000000002776,0.17399999999999998801,0.021999999999999998723,0,0,0,0,0,1,-360,360,43.506879224019023411,-2.6495921663206134511,-42.538722248064580356,3.9002075763232224581
100,102,0.016000000000000000333,0.037999999999999999056,0.0040000000000000000833,0,0,0,0,0,1,-360,360,36.08379102950100048,-1.1707854591907485009,-35.877788222108527805,1.2573574171136789879
102,104,0.042999999999999996558,0.064000000000000001332,0.026999999999999999695,0,0,0,0,0,1,-360,360,43.563450385425831257,-21.793876829150672592,-42.569129427229739804,20.583371351039183139
103,105,0.018999999999999999528,0.061999999999999999556,0.0080000000000000001665,0,0,0,0,0,1,-360,360,26.987341948310316297,2.2799525525198038878,-26.855278508685159977,-2.6903584323229550179
104,108,0.075999999999999998113,0.13000000000000000444,0.043999999999999997446,0,0,0,0,0,1,-360,360,31.557088895350126734,-15.223035610491963965,-30.663372564728941683,12.414259288474296383
104,322,0.043999999999999997446,0.12399999999999999911,0.014999999999999999445,0,0,0,0,0,1,-360,360,2.4120405318798883165,-5.3603357405471321329,-2.3999999999999999112,3.8999999999999581668
105,107,0.01200000000000000025,0.087999999999999994893,0.010999999999999999362,0,0,0,0,0,1,-360,360,64.076717569807200903,7.2575241879522440769,-63.598204400203727005,-4.8836504516985730362
105,110,0.15700000000000000067,0.4000000000000000222,0.047000000000000000111,0,0,0,0,0,1,-360,360,50.641620461278421317,-4.4240456450496514762,-46.78291396374273603,9.5735383779670133464
108,324,0.073999999999999996336,0.20799999999999999045,0.025999999999999998807,0,0,0,0,0,1,-360,360,25.179587807198959837,-2.3617722875366933266,-24.699999999999995737,1.2000000000000343725
109,110,0.070000000000000006661,0.18399999999999999689,0.021000000000000001305,0,0,0,0,0,1,-360,360,-10.289000548529092072,4.1378669244789358928,10.386333077437349459,-5.8751793391286222246
109,113,0.10000000000000000555,0.27400000000000002132,0.030999999999999999778,0,0,0,0,0,1,-360,360,-3.8957235667487708497,1.7965898865499505543,3.9229286160702638853,-4.6551184439194646103
109,114,0.10899999999999999967,0.39300000000000001599,0.03599999999999999728,0,0,0,0,0,1,-360,360,11.43743107152588756,-4.958929524650486087,-11.275429927063438384,2.1135501457786065593
110,112,0.14199999999999998734,0.40400000000000002576,0.050000000000000002776,0,0,0,0,0,1,-360,360,15.935303134369885214,-7.598566615161912452,-15.513574203353652337,4.0565630689213971749
112,114,0.017000000000000001221,0.042000000000000002609,0.0060000000000000001249,0,0,0,0,0,1,-360,360,-4.0864257966460595384,-4.056563068921079207,4.0919619958293980133,3.4991129741304054512
115,122,0.0035999999999999999015,0.019900000000000001021,0.0040000000000000000833,0,0,0,0,0,1,-360,360,52.536391626084167683,-69.624052687536803319,-52.240396284928657167,70.886554392026738469
116,120,0.0020000000000000000416,0.10489999999999999325,0.0010000000000000000208,0,0,0,0,0,1,-360,360,-62.675222831493549336,68.225479662075798615,62.838790283804726755,-59.744813872064220561
117,118,0.00010000000000000000479,0.0017999999999999999507,0.017000000000000001221,0,0,0,0,0,1,-360,360,-487.68043595523346312,287.40097488350005506,488.04759140070206058,-282.26992899214104682
118,119,0,0.02709999999999999909,0,0,0,0,0,0,1,-360,360,-577.93041457163417363,-342.99396012689442159,577.93041457163417363,484.55415058902502778
118,1201,0,0.61629999999999995897,0,0,0,0,0,0,1,-360,360,29.283172420780999801,-9.5899236851935043546,-29.283172420780999801,16.357686701177371447
1201,120,0,-0.36969999999999997309,0,0,0,0,0,0,1,-360,360,29.283172420780996248,-16.357686701177414079,-29.283172420780999801,12.297907394006820425
118,121,0.0022000000000000001325,0.29149999999999998135,0,0,0,0,0,0,1,-360,360,46.499650750152049739,-15.146187195772936818,-46.438797044833883376,23.209303150430351081
119,120,0,0.033899999999999999578,0,0,0,0,0,0,1,-360,360,710.55561786302394012,348.6833767119205163,-710.55561786302394012,-153.64743910727273146
119,121,0,0.058200000000000001732,0,0,0,0,0,0,1,-360,360,541.09759458125017773,185.84692288531999793,-541.09759458125029141,-10.895224015575809773
122,123,0.080799999999999996825,0.23439999999999999725,0.029000000000000001471,0,0,0,0,0,1,-360,360,17.828355420775739759,-18.375567980948392943,-17.310114536638298688,17.055092444770238558
122,125,0.096500000000000002442,0.36690000000000000391,0.053999999999999999389,0,0,0,0,0,1,-360,360,15.472923090571688576,-15.895090890547130869,-15.047323135364788271,12.202249365762313005
123,124,0.03599999999999999728,0.1076000000000000012,0.11700000000000000677,0,0,0,0,0,1,-360,360,-67.520681616547278736,-1.8927926280455502628,69.165659105596560607,-5.17321913447767745
123,125,0.047600000000000003419,0.14139999999999999791,0.14899999999999999356,0,0,0,0,0,1,-360,360,6.8307961531855614368,-16.562299816724110002,-6.7692103287737737105,1.6822228491894428704
125,126,0.00059999999999999994744,0.019699999999999998762,0,0,0,0,0,0,1,-360,360,-492.98346653586150978,103.2511045268744283,494.47474884336924106,-54.287335430370205813
126,127,0.0058999999999999998626,0.040500000000000001277,0.25,0,0,0,0,0,1,-360,360,-99.076889380004615759,-1.7042426743277439005,99.665445490154553454,-19.203838726595293451
126,129,0.011499999999999999806,0.11060000000000000386,0.18499999999999999778,0,0,0,0,0,1,-360,360,-131.21533880593938193,9.7542922910999312336,133.24564511959263768,-8.7396341020530456944
126,132,0.019800000000000001626,0.1688000000000000056,0.32100000000000000755,0,0,0,0,0,1,-360,360,-158.36460998120276145,21.33977049377947921,163.62926534821241376,-8.6329905414809289255
126,157,0.0050000000000000001041,0.050000000000000002776,0.33000000000000001554,0,0,0,0,0,1,-360,360,-29.172924784745717375,13.34014228943328817,29.260167118136635622,-44.886620752093222109
126,158,0.007700000000000000247,0.0538000000000000006,0.33500000000000001998,0,0,0,0,0,1,-360,360,-46.461569197891563476,-11.117130751660351251,46.630912762445156261,-21.082658602598858266
126,169,0.016500000000000000777,0.11569999999999999729,0.1710000000000000131,0,0,0,0,0,1,-360,360,-88.083416693585007806,17.57450378204418584,89.482046551606131857,-24.623227178171536167
127,128,0.0058999999999999998626,0.057700000000000001288,0.09500000000000000111,0,0,0,0,0,1,-360,360,-171.66900426807706026,17.585081108173199027,173.43672879364964956,-9.8214446716340244592
127,134,0.0048999999999999998418,0.033599999999999997924,0.20799999999999999045,0,0,0,0,0,1,-360,360,-137.79939256836436812,-52.784728865713937296,138.81759066300611494,38.499734477136989597
127,168,0.0058999999999999998626,0.057700000000000001288,0.09500000000000000111,0,0,0,0,0,1,-360,360,-170.99704865371302276,17.403486484136159618,172.75071499715292589,-9.777572333399591642
128,130,0.007799999999999999642,0.077299999999999993716,0.12600000000000000089,0,0,0,0,0,1,-360,360,-234.70446292389374321,17.094603358503068335,239.02317860237559444,12.831204525195975208
128,133,0.0025999999999999998807,0.019300000000000001182,0.02999999999999999889,0,0,0,0,0,1,-360,360,61.267734130243937329,-7.2731586868697499781,-61.169744731693000972,4.9873135373480401711
129,130,0.0075999999999999999847,0.075200000000000002953,0.12199999999999999734,0,0,0,0,0,1,-360,360,-232.70005501177189444,16.093590497361311975,236.82959114679368895,12.29688161896583054
129,133,0.0020999999999999998702,0.018599999999999998479,0.02999999999999999889,0,0,0,0,0,1,-360,360,99.454409892179114649,-7.3539563953073594504,-99.2471501179206399,6.1751986835070846737
130,132,0.0016000000000000000767,0.016400000000000001382,0.025999999999999998807,0,0,0,0,0,1,-360,360,280.57779150802042523,67.917344432143636368,-279.29115410789881935,-57.391400209162753754
130,151,0.0016999999999999999053,0.016500000000000000777,0.025999999999999998807,0,0,0,0,0,1,-360,360,162.1896679151431897,72.210167967859590021,-161.67054322931363686,-69.834429298449336443
130,167,0.0079000000000000007716,0.079299999999999995492,0.12700000000000000178,0,0,0,0,0,1,-360,360,275.7396906008644919,56.586183315249726888,-269.65295076443231892,-8.0761046051661118383
130,168,0.007799999999999999642,0.078399999999999997469,0.125,0,0,0,0,0,1,-360,360,236.19768743946858081,12.954493346083284067,-231.97960072873939907,16.670773642247016966
133,137,0.0016999999999999999053,0.01170000000000000033,0.28899999999999997913,0,0,0,0,0,1,-360,360,-665.57006194169673563,-282.02816442044087353,674.28256717222939187,311.64000428291535627
133,168,0.0025999999999999998807,0.019300000000000001182,0.02999999999999999889,0,0,0,0,0,1,-360,360,-59.137367463624926245,4.5592452918024219954,59.228885731586252916,-6.8932013088479422436
133,169,0.0020999999999999998702,0.018599999999999998479,0.02999999999999999889,0,0,0,0,0,1,-360,360,120.27605948117316359,62.256264066917346156,-119.88843912326163377,-61.792870504942797538
133,171,0.00020000000000000000958,0.010099999999999999603,0,0,0,0,0,0,1,-360,360,764.84826477376225284,204.05014284086959719,-763.59999999999979536,-141.01277176587024087
134,135,0.0043000000000000000028,0.029299999999999999656,0.17999999999999999334,0,0,0,0,0,1,-360,360,-76.757149564845676082,12.314316612800810802,77.019077095801279143,-29.282738959571158688
134,184,0.003899999999999999821,0.038100000000000001921,0.25800000000000000711,0,0,0,0,0,1,-360,360,-62.060441098160382012,-50.814051089936704386,62.256279113785325308,25.336584708413447231
135,136,0.0091000000000000004496,0.06230000000000000121,0.38500000000000000888,0,0,0,0,0,1,-360,360,-246.21907709580139567,-12.317261040428133967,251.53369221323748661,7.5745933916633578775
136,137,0.012500000000000000694,0.088999999999999995781,0.54000000000000003553,0,0,0,0,0,1,-360,360,63.452737069754050481,-36.273540974029124584,-62.989114019019865509,-19.658881671728874352
136,152,0.0055999999999999999431,0.038999999999999999944,0.95299999999999995826,0,0,0,0,0,1,-360,360,-370.1864292829917531,10.49894758236565373,377.38039716813528912,-65.575899035949163363
137,140,0.0015000000000000000312,0.011400000000000000411,0.28399999999999997469,0,0,0,0,0,1,-360,360,331.05794661793873956,-15.778095504914169567,-329.55849312389756278,-3.8420482924096694965
137,181,0.00050000000000000001041,0.0033999999999999998106,0.021000000000000001305,0,0,0,0,0,1,-360,360,-91.966708007040836037,-133.38294947764117637,92.085019118064948884,131.87460226963312948
137,186,0.00069999999999999999289,0.015100000000000000575,0.12600000000000000089,0,0,0,0,0,1,-360,360,-471.09797540454928821,-94.493011865343206068,472.56390154244218138,112.06223606718049268
137,188,0.00050000000000000001041,0.0033999999999999998106,0.021000000000000001305,0,0,0,0,0,1,-360,360,-431.78128019680644911,-125.76372820406899677,432.70231514597918476,129.71067997131302718
139,172,0.056199999999999999956,0.22479999999999999982,0.081000000000000002554,0,0,0,0,0,1,-360,360,18.865181400164118486,-14.10836333756348715,-18.615270265244731718,6.7120138557794781775
140,141,0.01200000000000000025,0.083599999999999993761,0.12299999999999999822,0,0,0,0,0,1,-360,360,-79.176901419410327776,-2.8907236476464959196,79.87003297971135396,-5.7639174601536424802
140,142,0.015199999999999999969,0.11319999999999999507,0.6840000000000000524,0,0,0,0,0,1,-360,360,-7.4027066786098982831,-10.824881986627405084,7.5075929957577169915,-60.86690143239519557
140,145,0.046800000000000001321,0.33689999999999997726,0.51900000000000001688,0,0,0,0,0,1,-360,360,-15.988353600900067519,-14.696299154078285909,16.177117380330724217,-38.546469534930025702
140,146,0.042999999999999996558,0.30309999999999998055,0.46300000000000002265,0,0,0,0,0,1,-360,360,-47.953120003828757945,-18.438734934050053482,48.880052492612257709,-25.869938173631311429
140,147,0.048899999999999999023,0.34920000000000001039,0.53800000000000003375,0,0,0,0,0,1,-360,360,-62.562423443898616426,-16.785014442703591442,64.391849815457874229,-29.229151529029923751
140,182,0.0012999999999999999403,0.0088999999999999999251,0.11899999999999999467,0,0,0,0,0,1,-360,360,154.94199827054458751,-47.222297542489201305,-154.63526105520176657,36.356752926997870645
141,146,0.029100000000000000866,0.22670000000000001261,0.3420000000000000262,0,0,0,0,0,1,-360,360,-35.713834798777533308,-13.78191876853905562,36.056721578906184789,-21.388972764699289542
142,143,0.0060000000000000001249,0.057000000000000002054,0.7670000000000000151,0,0,0,0,0,1,-360,360,-221.65817213576511335,-52.991932105582087331,224.52726848569150775,-1.0594841457455732581
143,145,0.0074999999999999997224,0.077299999999999993716,0.11899999999999999467,0,0,0,0,0,1,-360,360,103.48826037492548835,34.900140841896529764,-102.63266292311590178,-38.607544667134135352
143,149,0.012699999999999999484,0.090899999999999994693,0.13500000000000000888,0,0,0,0,0,1,-360,360,-29.903841295091510233,-37.342690448189884478,30.113056284120805373,23.711404738761704181
145,146,0.0085000000000000006106,0.058799999999999998102,0.086999999999999994005,0,0,0,0,0,1,-360,360,-148.07862072637158235,-54.133968206201174667,150.1192906660395181,59.008307250627886731
145,149,0.021799999999999999933,0.15110000000000001208,0.22300000000000000377,0,0,0,0,0,1,-360,360,-71.592659782818799385,-41.468114780076284376,72.886943715879056072,26.258263961595716296
146,147,0.0073000000000000000652,0.050400000000000000355,0.073999999999999996336,0,0,0,0,0,1,-360,360,-151.0560647375579606,23.248404248102637837,152.60815018454218261,-20.734706246567402133
148,178,0.052299999999999999267,0.15260000000000001341,0.073999999999999996336,0,0,0,0,0,1,-360,360,95.948228557526093141,49.353190001329409142,-90.306923227102728902,-40.300432809387324085
148,179,0.13709999999999999964,0.39190000000000002611,0.075999999999999998113,0,0,0,0,0,1,-360,360,47.611274087999639448,6.4910141949972262054,-44.69195820875087577,-5.9722364863137240576
152,153,0.013700000000000000372,0.095699999999999993405,0.14099999999999998646,0,0,0,0,0,1,-360,360,-22.380397168135210961,6.6479918888882103545,22.468080154649548774,-21.536710251886511003
153,161,0.0054999999999999996808,0.028799999999999999212,0.19000000000000000222,0,0,0,0,0,1,-360,360,107.40622684957664035,-2.4847639158352361477,-106.82041774355168684,-14.99013027114102492
154,156,0.1746000000000000052,0.3160999999999999921,0.040000000000000000833,0,0,0,0,0,1,-360,360,-25.919621677798836856,15.653542888537765876,27.74949867494935063,-16.063350964628380524
154,183,0.080399999999999999245,0.3054000000000000048,0.044999999999999998335,0,0,0,0,0,1,-360,360,-44.080378322201177355,11.568128691995019253,45.913932124983020344,-8.8289852098695558169
155,161,0.010999999999999999362,0.056800000000000003264,0.38800000000000001155,0,0,0,0,0,1,-360,360,-71.247451565971118725,-37.95058032986634089,71.820417743551715262,-0.0098697288599042254376
157,159,0.00080000000000000003834,0.0097999999999999996836,0.069000000000000005773,0,0,0,0,0,1,-360,360,-363.16679652802787359,11.186585076113287229,364.25720624662426417,-4.531218236506684427
158,159,0.0028999999999999998002,0.028500000000000001027,0.19000000000000000222,0,0,0,0,0,1,-360,360,-90.106219607450782405,43.288491328574018269,90.423229708608161559,-58.896459647755293076
158,160,0.0065999999999999999639,0.044799999999999999545,0.27700000000000002398,0,0,0,0,0,1,-360,360,43.475306845005498246,-22.205832725976225817,-43.34557761366214379,-4.5723205307063805591
162,164,0.0023999999999999997898,0.032599999999999997036,0.23599999999999998757,0,0,0,0,0,1,-360,360,461.87708548827072264,13.996864092455041373,-456.65636127336284744,33.886804204323539125
162,165,0.0017999999999999999507,0.024500000000000000944,1.6619999999999999218,0,0,0,0,0,1,-360,360,-546.8770854882710637,-37.996864092456064554,552.38461127035384379,-51.920827898747035078
163,164,0.0044000000000000002651,0.051400000000000001243,3.5969999999999999751,0,0,0,0,0,1,-360,360,-221.69280219055718817,-46.453851188893303004,224.58302783750178833,-288.79741310717798797
165,166,0.00020000000000000000958,0.012300000000000000169,0,0,0,0,0,0,1,-360,360,-552.38461127035259324,51.920827898746765072,552.99999999999977263,-14.07442102544602669
167,169,0.0017999999999999999507,0.01779999999999999985,0.029000000000000001471,0,0,0,0,0,1,-360,360,-30.247049235567622816,-87.623895394833468231,30.406392571655242563,86.416097683112781169
172,173,0.066900000000000001132,0.48430000000000000826,0.063000000000000000444,0,0,0,0,0,1,-360,360,24.57056856077021223,3.2826006460133476672,-24.158074580107619767,-6.6503750318924774731
172,174,0.055800000000000002376,0.221000000000000002,0.030999999999999999778,0,0,0,0,0,1,-360,360,-32.455298295525444985,-9.9946145017926237841,33.052554578869198565,8.9844575860890572017
173,174,0.08069999999999999396,0.33310000000000000719,0.049000000000000001887,0,0,0,0,0,1,-360,360,-55.970245310647634085,-7.1848344140677697922,58.602357102707728131,12.914336477192742691
173,175,0.073899999999999993472,0.3070999999999999841,0.042999999999999996558,0,0,0,0,0,1,-360,360,-27.383752982890840144,9.3562863078537716888,28.056373794181798331,-10.677226266323360804
173,176,0.17990000000000000435,0.50170000000000003482,0.069000000000000005773,0,0,0,0,0,1,-360,360,-55.987927126353888241,12.76043492840762994,62.297994420322687859,-2.3208156879564048047
175,176,0.090399999999999994249,0.36259999999999997788,0.048000000000000000999,0,0,0,0,0,1,-360,360,-58.255690311199906262,-2.9417750103654118909,61.496134590587715252,11.009770710304929153
175,179,0.076999999999999999001,0.30919999999999997486,0.053999999999999999389,0,0,0,0,0,1,-360,360,11.103846462392812811,-4.1076221122368039573,-11.001627398360934507,-0.57846201023228249749
176,177,0.025100000000000000783,0.082900000000000001465,0.047000000000000000111,0,0,0,0,0,1,-360,360,99.205870989089760315,27.029421535298315149,-96.775546596838680102,-23.990645949259995717
177,178,0.022200000000000000983,0.084699999999999997513,0.050000000000000002776,0,0,0,0,0,1,-360,360,152.77554659683858063,46.980281524897165468,-147.13678462025413296,-30.213314199211882993
178,179,0.049799999999999997047,0.18549999999999999822,0.029000000000000001471,0,0,0,0,0,1,-360,360,18.722811591401530507,-20.977043711102872692,-18.306414392888253673,19.883366009517565942
178,180,0.0061000000000000003872,0.029000000000000001471,0.084000000000000005218,0,0,0,0,0,1,-360,360,-208.67910374404456775,-82.109209280298557587,212.11122368195384524,90.688170919554281113
181,138,0.00040000000000000001917,0.020199999999999999206,0,0,0,0,0,0,1,-360,360,481.31669251468781567,-4.9357279422334681129,-480.47900570727330205,47.238911716664610196
181,187,0.00040000000000000001917,0.008300000000000000086,0.115000000000000005,0,0,0,0,0,1,-360,360,-646.80171163275304025,-126.93887432740305599,648.36685129686713935,146.53231440067165181
184,185,0.002500000000000000052,0.024500000000000000944,0.16400000000000000688,0,0,0,0,0,1,-360,360,-199.05627911378581985,-41.936584708416255296,200.00000000000008527,33.261550404888538424
186,188,0.00069999999999999999289,0.0086000000000000000056,0.115000000000000005,0,0,0,0,0,1,-360,360,667.63609845755752303,100.90320069993030927,-664.81395415129225057,-79.132000478963817613
187,188,0.00069999999999999999289,0.0086000000000000000056,0.115000000000000005,0,0,0,0,0,1,-360,360,491.83314870313319034,107.48942442540321451,-490.26001389457974255,-101.06319803346393371
188,138,0.00040000000000000001917,0.020199999999999999206,0,0,0,0,0,0,1,-360,360,539.77165289989454777,6.8845185411078677618,-538.72099429272623183,46.173741120885473777
189,208,0.033000000000000001554,0.09500000000000000111,0,0,0,0,0,0,1,-360,360,17.310783789745450179,-2.355866179612993605,-17.210616559503549183,2.6442263878851268721
189,209,0.045999999999999999223,0.069000000000000005773,0,0,0,0,0,0,1,-360,360,-8.3796945469775518944,2.690812606535107232,8.4151303397307639642,-2.6376589174052949005
190,231,0.00040000000000000001917,0.0022000000000000001325,6.2000000000000001776,0,0,0,0,0,1,-360,360,528.94286568616723798,-363.69044034809280674,-527.93633682968334142,-319.96073228919669873
190,240,0,0.027500000000000000139,0,0,0,0,0,0,1,-360,360,-33.094324767265717924,120.32004287765994377,33.094324767265710818,-116.47329304182065357
191,192,0.0030000000000000000625,0.048000000000000000999,0,0,0,0,0,0,1,-360,360,831.999396555078647,346.55921856182129659,-809.61904750296105249,11.526366272062515961
192,225,0.0020000000000000000416,0.00899999999999999932,0,0,0,0,0,0,1,-360,360,9.6190475029606723467,-83.526366272061665086,-9.4581700498066378913,84.250314811254838787
193,205,0.044999999999999998335,0.063000000000000000444,0,0,0,0,0,0,1,-360,360,28.493506220139231289,0.0021301325731137854547,-28.126867698245639815,0.51116379807790990331
193,208,0.048000000000000000999,0.12700000000000000178,0,0,0,0,0,0,1,-360,360,-5.970672119230271413,1.3366653118346378815,5.9887047803639985588,-1.2889538959183164391
194,219,0.0030999999999999998911,0.028600000000000000422,0.5,0,0,0,0,0,1,-360,360,124.72372909376123573,-62.500277452431475922,-124.25098539188606139,11.504730716580075622
194,664,0.0023999999999999997898,0.035499999999999996836,0.35999999999999998668,0,0,0,0,0,1,-360,360,-113.33331257891981636,43.182948754180991102,113.70000000000008811,-76.700000000000258638
195,219,0.0030999999999999998911,0.028600000000000000422,0.5,0,0,0,0,0,1,-360,360,16.606393547804369604,-99.240956255368274697,-16.446944081383541914,46.03683195827962038
196,197,0.014000000000000000291,0.040000000000000000833,0.0040000000000000000833,0,0,0,0,0,1,-360,360,-57.719004349776412255,-24.4853798707203687,58.297762746441563309,25.752242032766716306
196,210,0.02999999999999999889,0.081000000000000002554,0.010000000000000000208,0,0,0,0,0,1,-360,360,-13.833865673578230826,-3.0591814504242815786,13.896498228242323947,2.273304585466208394
197,198,0.010000000000000000208,0.05999999999999999778,0.00899999999999999932,0,0,0,0,0,1,-360,360,-90.24244709931102193,-20.413555351088614742,91.10970433038137628,24.710246005128460922
197,211,0.014999999999999999445,0.040000000000000000833,0.0060000000000000001249,0,0,0,0,0,1,-360,360,-11.055315647119282829,-19.338686681679774892,11.129152393901016183,18.93899040320085092
198,202,0.33200000000000001732,0.68799999999999994493,0,0,0,0,0,0,1,-360,360,11.678459919117926802,-1.542216121441636334,-11.231276707615300836,2.4689090416639438708
198,203,0.00899999999999999932,0.045999999999999999223,0.025000000000000001388,0,0,0,0,0,1,-360,360,73.191216148513433382,11.208433369621822351,-72.709593342718079612,-11.292999143588392741
198,210,0.020000000000000000416,0.072999999999999995448,0.0080000000000000001665,0,0,0,0,0,1,-360,360,90.490510716278279801,25.372537380057973877,-88.771783343360581853,-19.895795082627376615
198,211,0.034000000000000002442,0.10899999999999999967,0.032000000000000000666,0,0,0,0,0,1,-360,360,46.497027774453073334,-2.7033917699423621883,-45.783155103411438347,1.737792732857385003
199,200,0.075999999999999998113,0.13500000000000000888,0.00899999999999999932,0,0,0,0,0,1,-360,360,-1.2710479882004819263,-1.0087566489074279996,1.272695551361088917,0.19044166255268671351
199,210,0.040000000000000000833,0.10199999999999999345,0.0050000000000000001041,0,0,0,0,0,1,-360,360,-33.728952011798988053,-10.991243351092476743,34.279507838434938094,11.927155704916504675
200,210,0.081000000000000002554,0.12800000000000000266,0.014000000000000000291,0,0,0,0,0,1,-360,360,-24.142670697411404035,-3.1590799345302662537,24.664688033920302956,2.6710941824672693734
201,204,0.12399999999999999911,0.182999999999999996,0,0,0,0,0,0,1,-360,360,3.7555530087607200684,1.3603897816090468886,-3.7347000396822633839,-1.329614835307777021
203,211,0.010000000000000000208,0.058999999999999996891,0.0080000000000000001665,0,0,0,0,0,1,-360,360,30.709593342718061848,-2.7070008564122600703,-30.615388422769100885,2.4586602718841108484
204,205,0.045999999999999999223,0.068000000000000004885,0,0,0,0,0,0,1,-360,360,-29.654749536714032132,-6.5013186600658023906,30.108421525627665716,7.1719642088946491398
205,206,0.30199999999999999067,0.44600000000000000755,0,0,0,0,0,0,1,-360,360,-1.9815538273810038294,-2.6831280069726055615,2.0161457692166355748,2.7342141197497302763
206,207,0.072999999999999995448,0.092999999999999999334,0,0,0,0,0,0,1,-360,360,-9.8641099574711681441,-8.2120607045221785114,9.9834679312337275547,8.3641194930142077624
206,208,0.23999999999999999112,0.42099999999999998535,0,0,0,0,0,0,1,-360,360,-4.1520358117454332358,3.4778465847720525517,4.2219117791405444962,-3.3552724919664629333
212,215,0.013899999999999999162,0.07779999999999999416,0.085999999999999993117,0,0,0,0,0,1,-360,360,-42.755603173734080258,38.89948609120172307,43.257093133304337584,-44.693195629896166565
213,214,0.002500000000000000052,0.037999999999999999056,0,0,0,0,1,0,1,-360,360,272.00000000000005684,44.082470252339589933,-270.13922007196492814,-15.79861534620450314
214,215,0.0016999999999999999053,0.018499999999999999084,0.020000000000000000416,0,0,0,0,0,1,-360,360,251.38134193255532978,9.8909543176668890396,-250.28732552815421286,0.057284415457248272219
214,242,0.0015000000000000000312,0.010800000000000000572,0.0020000000000000000416,0,0,0,0,0,1,-360,360,-3.2421218605911370503,-10.092338971462492481,3.2438050002111036285,9.9074735060280385568
215,216,0.00449999999999999966,0.024899999999999998523,0.025999999999999998807,0,0,0,0,0,1,-360,360,160.03023239485031581,18.635911214438614536,-158.8280466616633646,-14.485382450110162011
216,217,0.0040000000000000000833,0.049700000000000001121,0.01799999999999999864,0,0,0,0,0,1,-360,360,-17.171953338336372497,-90.514617549888470194,17.522531600644882133,93.075635931137384205
217,218,0,0.045600000000000001643,0,0,0,0,0,0,1,-360,360,17.135905408419883855,31.378366942349771307,-17.135905408419883855,-30.819793957466856682
217,219,0.00050000000000000001041,0.017700000000000000455,0.020000000000000000416,0,0,0,0,0,1,-360,360,-115.89705158599414858,-192.38953691256145362,116.13684469203042227,198.72078842254958886
217,220,0.0027000000000000001429,0.039500000000000000389,0.83199999999999996181,0,0,0,0,0,1,-360,360,-18.761385423070638723,-7.0644659609271158729,18.804672783355503185,-77.9806443388184789
219,237,0.00029999999999999997372,0.0017999999999999999507,5.2000000000000001776,0,0,0,0,0,1,-360,360,-56.491558742122762737,-305.38121065666342702,56.500822862664371371,-274.03328755488570323
220,218,0.0037000000000000001638,0.048399999999999998579,0.42999999999999999334,0,0,0,0,0,1,-360,360,32.931152632514084644,-23.158703191811063959,-32.891599150888453096,-19.995001562810308826
220,221,0.0010000000000000000208,0.029499999999999998446,0.50300000000000000266,0,0,0,0,0,1,-360,360,46.525138869495819449,0.5093012022983123277,-46.497149641289801991,-50.387628570217792401
220,238,0.0016000000000000000767,0.0045999999999999999223,0.40200000000000002398,0,0,0,0,0,1,-360,360,-283.26096428536556004,36.35089834716855961,284.5752127818768713,-73.499330319701570602
221,223,0.00029999999999999997372,0.0012999999999999999403,1,0,0,0,0,0,1,-360,360,325.49714964129248074,140.7020712243233902,-325.07020261810856709,-238.50767222921155053
222,237,0.0013999999999999999858,0.051400000000000001243,0.33000000000000001554,0,0,0,1,0,1,-360,360,-77.999999999999857891,-26.614654487464051158,78.078158142770149652,-7.1015933717986365892
224,225,0.010000000000000000208,0.064000000000000001332,0.47999999999999998224,0,0,0,0,0,1,-360,360,-238.91458963963754059,122.62970506949125138,246.76900322840208446,-117.81875784553415087
224,226,0.0018999999999999999962,0.0080999999999999995615,0.85999999999999998668,0,0,0,0,0,1,-360,360,-37.144840446018434932,-253.51248407430983889,38.012434789682046699,169.62693492841137299
225,191,0.0010000000000000000208,0.060999999999999998668,0,0,0,0,0,0,1,-360,360,-647.31083317859599902,-6.4315569657227511513,652.00060344492123932,292.50754321156762217
226,231,0.00050000000000000001041,0.021200000000000000094,0,0,0,0,0,0,1,-360,360,-38.012434789679986125,-169.62693492840907084,38.158228592119755263,175.80859215185537892
227,231,0.00089999999999999997537,0.047199999999999998901,0.18599999999999999867,0,0,0,1,0,1,-360,360,-234.99999999999991473,-106.04216104885333039,235.58125641151949026,116.90331308333270499
228,229,0.0018999999999999999962,0.0086999999999999994005,1.2800000000000000266,0,0,0,0,0,1,-360,360,-226.11883018162095027,-104.46465610114299238,227.03428155462938776,-31.379780033223198643
228,231,0.0025999999999999998807,0.09170000000000000373,0,0,0,0,0,0,1,-360,360,5.5578288156865260916,-12.856114537887879834,-5.553134508737937125,13.021679132959354419
228,234,0.0012999999999999999403,0.028799999999999999212,0.81000000000000005329,0,0,0,0,0,1,-360,360,-2.438998634067147897,-30.679229360971270069,2.441194032885849019,-56.97151419670942829
229,190,0,0.062600000000000002864,0,0,0,0,0,0,1,-360,360,20.848540918902454422,-9.1790988360074372565,-20.848540918902454422,9.4739920846333465221
231,232,0.00020000000000000000958,0.0068999999999999998834,1.3640000000000001013,0,0,0,0,0,1,-360,360,552.8989986011658857,102.07074544382017223,-552.29122390130339681,-230.77427399173609501
231,237,0.00010000000000000000479,0.00059999999999999994744,3.5699999999999998401,0,0,0,0,0,1,-360,360,-452.14901226635913645,-527.82803453693816209,452.43113566086287847,132.39979206096967346
232,233,0.0016999999999999999053,0.048500000000000001443,0,0,0,0,0,0,1,-360,360,104.29122390130287101,87.774273991731192268,-104.00000000000014211,-79.465827395741627015
234,235,0.00020000000000000000958,0.025899999999999999412,0.14399999999999998912,0,0,0,0,0,1,-360,360,10.268110263133550575,109.23288385923137866,-10.242538751919250117,-121.0271860295989228
234,237,0.00059999999999999994744,0.027199999999999998485,0,0,0,0,0,0,1,-360,360,13.112475083212348892,-65.732878281192043346,-13.08749014774932462,66.865528688849096284
235,238,0.00020000000000000000958,0.00059999999999999994744,0.80000000000000004441,0,0,0,0,0,1,-360,360,-258.75746124805715453,-35.972813970355474567,258.88890484057566255,-45.201649053737575912
241,237,0.00050000000000000001041,0.015400000000000000494,0,0,0,0,1,0,1,-360,360,575.43000000000074579,-35.44245694892644849,-573.92262651857402034,81.869560176867423706
240,281,0.00029999999999999997372,0.0043000000000000000028,0.00899999999999999932,0,0,0,0,0,1,-360,360,-33.094324767267174536,-30.263204925283343272,33.099999999999134559,29.400000000003256417
242,245,0.0082000000000000006911,0.085099999999999995093,0,0,0,0,0,0,1,-360,360,68.247457478236398742,20.869511471814963244,-67.823901792030227398,-16.473829899114377895
242,247,0.011199999999999999886,0.072300000000000003153,0,0,0,0,0,0,1,-360,360,98.508737521552433236,20.984871528562614174,-97.356496958933362862,-13.546747182369916374
243,244,0.012699999999999999484,0.035499999999999996836,0,0,0,0,0,0,1,-360,360,57.195855870730824222,30.62233815650661839,-56.671833836209195567,-29.157552154497324182
243,245,0.032599999999999997036,0.1804000000000000048,0,0,0,0,0,0,1,-360,360,18.804144129269026564,18.578080982261159448,-18.580842940179529421,-17.34238973956959029
244,246,0.019499999999999999972,0.055100000000000003142,0,0,0,0,0,0,1,-360,360,56.671833836209060564,29.157552154497746955,-55.867233074541985616,-26.88403923306922394
245,246,0.015699999999999998679,0.073200000000000001177,0,0,0,0,0,0,1,-360,360,19.569406941403716615,3.8323624659512360857,-19.503210300218203344,-3.5237258968570008832
245,247,0.03599999999999999728,0.21190000000000000502,0,0,0,0,0,0,1,-360,360,5.8353377908061760948,-0.016142827266526355023,-5.8223398494852913743,0.09265015409695813442
246,247,0.026800000000000000905,0.12850000000000000311,0,0,0,0,0,0,1,-360,360,-1.6295566252398079321,-2.5922348700740824867,1.6322536579668085466,2.6051665381867517013
247,248,0.042799999999999997768,0.12149999999999999689,0,0,0,0,0,0,1,-360,360,40.546583150451681377,-19.151069509914375288,-39.63019967010044553,21.752485231004889954
248,249,0.035099999999999999256,0.10040000000000000313,0,0,0,0,0,0,1,-360,360,6.5001748161510484181,-1.4946904835734231565,-6.4838162405191619442,1.5414825346686160668
249,250,0.061600000000000001976,0.18570000000000000395,0,0,0,0,0,0,1,-360,360,-22.516183759480639992,-15.541482534668393356,22.999999999999907629,17.000000000000028422
3,1,0,0.051999999999999997613,0,0,0,0,0.94699999999999995293,0,1,-360,360,25.066411147925730774,49.723064602757176544,-25.066411147925705905,-48.268651056753178352
3,2,0,0.051999999999999997613,0,0,0,0,0.95599999999999996092,0,1,-360,360,-39.789733042743442581,15.724941958636756922,39.789733042743478109,-14.849934429014451709
3,4,0,0.0050000000000000001041,0,0,0,0,0.97099999999999997424,0,1,-360,360,712.54665756978681657,-68.792976866682494119,-712.546657569787385,93.091960126733653169
7,5,0,0.038999999999999999944,0,0,0,0,0.94799999999999995381,0,1,-360,360,71.882127963511024404,78.298256701837189553,-71.882127963511010194,-74.285760604685592057
7,6,0,0.038999999999999999944,0,0,0,0,0.95899999999999996358,0,1,-360,360,-38.261735022944201035,12.704783918569747314,38.261735022944158402,-12.114039655755560076
10,11,0,0.088999999999999995781,0,0,0,0,1.0460000000000000409,0,1,-360,360,-21.510829534316005862,-32.715465618722987529,21.510829534316009415,34.148888932952431219
12,10,0,0.052999999999999998501,0,0,0,0,0.98499999999999998668,0,1,-360,360,131.48917046568402611,-10.727202157751868583,-131.48917046568402611,19.724122241075995987
15,17,0.019400000000000000577,0.031099999999999999173,0,0,0,0,0.95609999999999994991,0,1,-360,360,241.75366618146361475,-80.226021361352366057,-231.00000000000017053,97.465146013079319687
16,15,0.0010000000000000000208,0.037999999999999999056,0,0,0,0,0.97099999999999997424,0,1,-360,360,301.77238200022100045,85.90671504253739954,-300.9001596480434273,-52.762265659789989058
21,20,0,0.014000000000000000291,0,0,0,0,0.95199999999999995737,0,1,-360,360,521.21342107572843361,189.31246747745765902,-521.21342107572831992,-148.28337226501272994
24,23,0,0.064000000000000001332,0,0,0,0,0.94299999999999994937,0,1,-360,360,63.556622608595006341,28.39095599446875795,-63.556622608594970814,-25.66422342008546309
36,35,0,0.047000000000000000111,0,0,0,0,1.0100000000000000089,0,1,-360,360,113.5388353158649295,35.972040931092273297,-113.53883531586501476,-29.186943427747895186
45,44,0,0.020000000000000000416,0,0,0,0,1.0080000000000000071,0,1,-360,360,244.43039054128928456,30.186323906767686509,-244.43039054128945509,-18.376754691226249605
45,46,0,0.021000000000000001305,0,0,0,0,1,0,1,-360,360,-262.81682725197310901,-55.739054606272752324,262.81682725197305217,70.261251355965796961
62,61,0,0.058999999999999996891,0,0,0,0,0.9749999999999999778,0,1,-360,360,72.406166924689500775,92.352198482780423205,-72.406166924689500775,-84.870095535038643675
63,64,0,0.037999999999999999056,0,0,0,0,1.0169999999999999041,0,1,-360,360,-190.68995697047282079,-6.3234726109109073988,190.68995697047284921,21.903043027493446004
73,74,0,0.024400000000000001549,0,0,0,0,1,0,1,-360,360,-264.2022677632339196,-66.88461558171842114,264.2022677632339196,85.84769746362022147
81,88,0,0.020000000000000000416,0,0,0,0,1,0,1,-360,360,193.2859830610402696,101.17529671925417745,-193.2859830610402696,-92.274026125717995228
85,99,0,0.048000000000000000999,0,0,0,0,1,0,1,-360,360,92.657144748898701891,-2.5086533608010634921,-92.657144748898687681,6.7410303423718005433
86,102,0,0.048000000000000000999,0,0,0,0,1,0,1,-360,360,37.659767307788641233,-20.07104835577667501,-37.659767307788634128,20.96145525081975336
87,94,0,0.045999999999999999223,0,0,0,0,1.0149999999999999023,0,1,-360,360,60.985080103021040543,-32.369212810869740338,-60.985080103021019227,34.665083326052915424
114,207,0,0.14899999999999999356,0,0,0,0,0.96699999999999997069,0,1,-360,360,-11.016532068766506924,-5.6126631199092722468,11.016532068766480279,5.8358805069859478465
116,124,0.0051999999999999997613,0.017399999999999998801,0,0,0,0,1.0100000000000000089,0,1,-360,360,62.675222831493826448,-68.225479662075301235,-62.241761463137201815,69.675908086959807974
121,115,0,0.028000000000000000583,0,0,0,0,1.0500000000000000444,0,1,-360,360,52.536391626084046891,-67.314079134855759889,-52.536391626084153472,69.624052687536092776
122,157,0.00050000000000000001041,0.019499999999999999972,0,0,0,0,1,0,1,-360,360,-210.16088222641883476,-48.415895520530568774,210.40662940989190588,58.00003567598074028
130,131,0,0.01799999999999999864,0,0,0,0,1.0522000000000000242,0,1,-360,360,-45.91998741393020822,-94.32459217081034808,45.919987413930144271,96.436259706432721828
130,150,0,0.014000000000000000291,0,0,0,0,1.0522000000000000242,0,1,-360,360,-92.637619798735599375,-126.32629790578388906,92.63761979873568464,129.98844803515575563
132,170,0.0010000000000000000208,0.040199999999999999623,0,0,0,0,1.0500000000000000444,0,1,-360,360,115.66188875968630612,66.02439075064243923,-115.46810738896422777,-58.234379647616428599
141,174,0.0023999999999999997898,0.060299999999999999434,0,0,0,0,0.9749999999999999778,0,1,-360,360,91.843801819066229086,26.644658767699365143,-91.654911681576976434,-21.898794063282270628
142,175,0.0023999999999999997898,0.049799999999999997047,-0.086999999999999994005,0,0,0,1,0,1,-360,360,157.6505791400074088,89.35883353797784423,-156.90452994537469067,-65.273376611074567677
143,144,0,0.083299999999999999045,0,0,0,0,1.0349999999999999201,0,1,-360,360,101.25707942944460171,-5.378956149057688485,-101.25707942944460171,13.804838825245827394
143,148,0.0012999999999999999403,0.037100000000000001033,0,0,0,0,0.95650000000000001688,0,1,-360,360,207.13123300502994084,97.160509071403183157,-206.55950264552589601,-80.844204196325733847
145,180,0.00050000000000000001041,0.018200000000000000899,0,0,0,0,1,0,1,-360,360,282.12682605197539942,158.75609718834016348,-281.61122368195390209,-139.98817091955558567
151,170,0.0010000000000000000208,0.039199999999999998734,0,0,0,0,1.0500000000000000444,0,1,-360,360,161.67054322931377897,69.834429298450046986,-161.33189261103581202,-56.559325061954346836
153,183,0.0027000000000000001429,0.063899999999999998468,0,0,0,0,1.0729999999999999538,0,1,-360,360,86.125692995773562188,0.18268873217143211107,-85.913932124983148242,4.8289852098697041427
155,156,0.00080000000000000003834,0.025600000000000001227,0,0,0,0,1.0500000000000000444,0,1,-360,360,102.8436581650584003,21.923802901510434538,-102.74949867494936484,-18.910699218020614154
159,117,0,0.016000000000000000333,0,0,0,0,1.0505999999999999783,0,1,-360,360,-487.68043595523329259,46.927677884259637153,487.68043595523346312,-3.3817841687230787429
160,124,0.0011999999999999998949,0.039600000000000003253,0,0,0,0,0.9749999999999999778,0,1,-360,360,43.345577613662108263,4.5723205307060243996,-43.323897642459400004,-3.8568814810172105112
163,137,0.0012999999999999999403,0.038399999999999996636,-0.057000000000000002054,0,0,0,0.97999999999999998224,0,1,-360,360,221.69280219055713133,46.05385118889472551,-221.10543616275296586,-22.363337559207145944
164,155,0.00089999999999999997537,0.023099999999999999006,-0.033000000000000001554,0,0,0,0.95599999999999996092,0,1,-360,360,232.07333343586134333,49.676248953867521152,-231.59620659908773632,-33.973222571642693879
182,139,0.00029999999999999997372,0.013100000000000000533,0,0,0,0,1.0500000000000000444,0,1,-360,360,-86.064738944797397835,-125.35675292699342265,86.134818599835753616,128.41689786366913495
189,210,0,0.25200000000000000178,0,0,0,0,1.0300000000000000266,0,1,-360,360,-15.931089242767903613,-2.3349464269215767231,15.931089242767892955,3.0242406097759291228
193,196,0,0.23699999999999998845,0,0,0,0,1.0300000000000000266,0,1,-360,360,-22.522834100908628585,-1.3387954444071716864,22.522834100908614374,2.6232964698904641665
195,212,0.00080000000000000003834,0.036600000000000000588,0,0,0,0,0.98499999999999998668,0,1,-360,360,84.820668056490518438,109.69981586392077588,-84.681585787080209116,-103.3368020383989716
200,248,0,0.22000000000000000111,0,0,0,0,1,0,1,-360,360,-4.1300248539491564159,-9.031361728022579527,4.1300248539491564159,9.2686770079862625948
201,69,0,0.098000000000000003775,0,0,0,0,1.0300000000000000266,0,1,-360,360,-44.75555300875728193,-15.360389781609724125,44.755553008757267719,17.814017258595256976
202,211,0,0.12800000000000000266,0,0,0,0,1.0100000000000000089,0,1,-360,360,-26.768723292384631662,-15.468909041663803094,26.7687232923846814,16.740177758033958355
204,2040,0.020000000000000000416,0.2039999999999999869,-0.01200000000000000025,0,0,0,1.0500000000000000444,0,1,-360,360,-38.610550423590339619,-16.169066504622449543,39.027923596365290848,21.498799639520505877
209,198,0.025999999999999998807,0.21099999999999999312,0,0,0,0,1.0300000000000000266,0,1,-360,360,-46.415130339730104936,-10.362341082595261099,47.033081111257772022,15.377249266916177106
211,212,0.0030000000000000000625,0.012200000000000000774,0,0,0,0,1,0,1,-360,360,-126.84132617703731682,-62.014140626503220233,127.43718896081479386,64.437315947198385402
218,219,0.0010000000000000000208,0.03540000000000000091,-0.010000000000000000208,0,0,0,0.96999999999999997335,0,1,-360,360,-80.972495440691659496,-45.185204479723154236,81.052643523362362998,49.118859559243141177
223,224,0.0011999999999999998949,0.019499999999999999972,-0.36399999999999999023,0,0,0,1,0,1,-360,360,-102.92979738189727357,6.5076722292133295511,103.05943008565630237,31.882779004818285529
229,230,0.0010000000000000000208,0.033200000000000000344,0,0,0,0,1.0200000000000000178,0,1,-360,360,-343.88282247353288312,-5.4411211307700657613,345.00000000000045475,42.531415009486750023
234,236,0.00050000000000000001041,0.016000000000000000333,0,0,0,0,1.0700000000000000622,0,1,-360,360,-597.821779379231657,-230.52849138133240103,600.00000000000011369,300.23155124591784215
238,239,0.00050000000000000001041,0.016000000000000000333,0,0,0,0,1.0200000000000000178,0,1,-360,360,-548.46411762247737443,-19.236524681570934092,549.99999999999977263,68.384760762294234837
196,2040,0.00010000000000000000479,0.020000000000000000416,0,0,0,0,1,0,1,-360,360,39.030035922561907569,21.921264851295376275,-39.027923596502780867,-21.498799639471386058
119,1190,0.0010000000000000000208,0.022999999999999999611,0,0,0,0,1.0222999999999999865,0,1,-360,360,100.41637298409177959,31.616578634106996759,-100.3100000000000307,-29.16999999999978499
120,1200,0,0.022999999999999999611,0,0,0,0,0.92840000000000000302,0,1,-360,360,-99.999999999999971578,36.617461274379891734,100.00000000000002842,-34.169999999999276952
7002,2,0.0010000000000000000208,0.01460000000000000013,0,0,0,0,1,0,1,-360,360,623,93.422695563122701401,-619.40518651865170341,-40.938418735436080453
7003,3,0,0.010540000000000000757,0,0,0,0,1,0,1,-360,360,1209.9999999999997726,420.01718773621928449,-1209.9999999999997726,-257.75818100559831691
7061,61,0,0.02380000000000000171,0,0,0,0,1,0,1,-360,360,400.00000000000011369,120.63519878741072944,-400.00000000000011369,-80.270677949825028463
7062,62,0,0.032140000000000001901,0,0,0,0,0.94999999999999995559,0,1,-360,360,399.99999999999988631,150.00510484086407814,-399.99999999999988631,-97.247599851057714204
7166,166,0,0.015400000000000000494,0,0,0,0,1,0,1,-360,360,552.99999999999909051,136.92402948538159535,-552.99999999999909051,-88.360767278287369209
7024,24,0,0.028899999999999998607,0,0,0,0,1,0,1,-360,360,410.00000000000005684,106.66947249961960154,-410.00000000000005684,-57.68265505582274244
7001,1,0,0.01952999999999999875,0,0,0,0,1,0,1,-360,360,466.99999999999982947,139.60788576087816182,-466.99999999999982947,-97.57845673780582274
7130,130,0,0.019300000000000001182,0,0,0,0,1,0,1,-360,360,1292.0000000000004547,324.3657088884868358,-1292.0000000000004547,-14.145385128902198346
7011,11,0,0.019230000000000000565,0,0,0,0,1,0,1,-360,360,234,51.813988836272763194,-234,-41.081638882369944099
7023,23,0,0.022999999999999999611,0,0,0,0,1,0,1,-360,360,185.00000000000017053,6.3202608416212058273,-185.00000000000017053,0.81846033047680843975
7049,49,0,0.012399999999999999564,0,0,0,0,1,0,1,-360,360,455.94647706904760298,38.838399458781722728,-455.94647706904754614,-15.318698500289404052
7139,139,0,0.016699999999999999567,0,0,0,0,1,0,1,-360,360,700.00000000000022737,283.92659349173601413,-700.00000000000022737,-197.60853452610712111
7012,12,0,0.031199999999999998568,0,0,0,0,1,0,1,-360,360,372,200.24871582299832085,-372,-149.80636474630145472
7017,17,0,0.016539999999999999147,0,0,0,0,0.94199999999999994849,0,1,-360,360,329.99999999999965894,348.04802365430680311,-329.99999999999937472,-317.46514601307904968
7039,39,0,0.031590000000000000024,0,0,0,0,0.96499999999999996891,0,1,-360,360,499.99999999999988631,153.34538367283411731,-499.99999999999971578,-80.364940507073583831
7057,57,0,0.053469999999999996698,0,0,0,0,0.94999999999999995559,0,1,-360,360,164.99999999999994316,89.906631044773462236,-164.99999999999994316,-73.568160905629682134
7044,44,0,0.18180999999999999939,0,0,0,0,0.94199999999999994849,0,1,-360,360,37,41.562486426811609874,-36.999999999999985789,-36.708727774671203292
7055,55,0,0.19606999999999999429,0,0,0,0,0.94199999999999994849,0,1,-360,360,44.999999999999992895,25.01347828447077859,-44.999999999999992895,-20.371101649111317045
7071,71,0,0.068959999999999993525,0,0,0,0,0.95650000000000001688,0,1,-360,360,115.99999999999988631,86.930217998216988917,-115.99999999999992895,-73.384675340929234721
