37,9001,6.000000000000000152e-05,0.00046000000000000001391,0,0,0,75,1,0,1,-360,360,79.698845451618197444,34.112935430201396514,-79.694586421816183019,-34.080282868386042594
9001,9005,0.00080000000000000003834,0.0034800000000000000204,0,0,0,0,0,0,1,-360,360,36.170312895828118371,31.936748620453304426,-36.152714101275350345,-31.860193864148783405
9001,9006,0.024389999999999998487,0.43681999999999998607,0,0,0,0,0.98999999999999999112,0,1,-360,360,26.539720020778339915,-2.8712220750280392778,-26.37876956694130115,5.7538123679796813192
9001,9012,0.036240000000000001379,0.64898000000000000131,0,0,0,0,0.96999999999999997335,0,1,-360,360,16.984553508038128911,5.0147563316003198608,-16.883511227857255221,-3.2053076839243956897
9005,9051,0.015779999999999998889,0.37486000000000002652,0,0,0,0,0.97999999999999998224,0,1,-360,360,36.0337892606986685,16.133185036262968737,-35.810000000859993463,-10.816984659638650967
9005,9052,0.015779999999999998889,0.37486000000000002652,0,0,0,0,0.93000000000000004885,0,1,-360,360,30.221334504378972952,28.257886604978882161,-30.000000002941451527,-22.999999963098638034
9005,9053,0.016019999999999999518,0.38046000000000002039,0,0,0,0,1.0400000000000000355,0,1,-360,360,27.897590334626009678,-5.2069475844239132556,-27.765385291884115304,8.3466935620509641325
9005,9054,0,0.15199999999999999623,0,0,0,0,1.0200000000000000178,0,1,-360,360,-50.000000000144616763,-3.6949552435270747175,50.000000000144609658,7.4608047516708797531
9005,9055,0,0.80000000000000004441,0,0,0,0,1.0100000000000000089,0,1,-360,360,-8.0000000000742730322,-3.6289749425791093529,8.0000000000742694795,4.2255868928138262675
9006,9007,0.055579999999999997462,0.24665999999999999037,0,0,0,0,0,0,1,-360,360,9.5039332858470597643,-1.6496952068495793764,-9.457116399824522901,1.8574651439909821704
9006,9003,0.11118000000000000105,0.49331999999999998074,0,0,0,0,0,0,1,-360,360,8.437418140856570048,-2.0520585806512556815,-8.3615274088791355922,2.3887955468241939272
9006,9003,0.11118000000000000105,0.49331999999999998074,0,0,0,0,0,0,1,-360,360,8.437418140856570048,-2.0520585806512556815,-8.3615274088791355922,2.3887955468241939272
9012,9002,0.076219999999999996088,0.43286000000000002252,0,0,0,0,0,0,1,-360,360,6.523188322869295952,0.89957851060186166947,-6.4919863264828849836,-0.72237966311010581855
9012,9002,0.076219999999999996088,0.43286000000000002252,0,0,0,0,0,0,1,-360,360,6.523188322869295952,0.89957851060186166947,-6.4919863264828849836,-0.72237966311010581855
9002,9021,0.053699999999999997735,0.070260000000000003006,0,0,0,0,0,0,1,-360,360,7.3541243140613801188,2.5634469209584240801,-7.3228742693993789104,-2.5225599910151785821
9021,9023,1.106800000000000006,0.95277999999999996028,0,0,0,0,0,0,1,-360,360,0.9525748908551947558,0.34892973286703382607,-0.94152490688431333954,-0.33941744182278332786
9021,9022,0.44363999999999997881,2.8151999999999999247,0,0,0,0,1.0100000000000000089,0,1,-360,360,1.6202993786813546517,0.61363025672819193623,-1.607120305401529059,-0.52999999999444347143
9002,9024,0.50748000000000004217,3.2202000000000001734,0,0,0,0,1.0100000000000000089,0,1,-360,360,1.4298483383810238756,0.54375309977799513028,-1.4182253885408471206,-0.47000000000000313749
9023,9025,0.66688000000000002832,3.9439999999999999503,0,0,0,0,1,0,1,-360,360,0.47134893719892789754,0.16986779381359709551,-0.46968041936452376017,-0.15999999999928318783
9023,9026,0.61129999999999995453,3.6152000000000001911,0,0,0,0,1.0300000000000000266,0,1,-360,360,0.47017596968244174116,0.16954964805018915563,-0.46856120428817837897,-0.15999999999957525976
9007,9071,0.44119999999999998108,2.9668000000000001037,0,0,0,0,1,0,1,-360,360,1.0788218091256465136,0.38530654379190526493,-1.0735712875407465994,-0.34999999928129549298
9007,9072,0.30792000000000002702,2.0569999999999999396,0,0,0,0,1.0500000000000000444,0,1,-360,360,1.0729141414251246456,0.37659057322390621092,-1.068933699253113101,-0.34999999921824759275
9007,9003,0.055800000000000002376,0.24665999999999999037,0,0,0,0,0,0,1,-360,360,7.3053804492846792229,-2.619362260672241316,-7.2749034318488030593,2.7540837861334095393
9003,9031,0.73633000000000004004,4.6723999999999996646,0,0,0,0,0.96999999999999997335,0,1,-360,360,1.9766826609600571807,0.82185429521357267202,-1.9480239899385718427,-0.63999999825326503444
9003,9032,0.76978000000000001979,4.8845999999999998309,0,0,0,0,0.95999999999999996447,0,1,-360,360,1.4852246771222252786,0.58346712498215469456,-1.4689189562156048652,-0.47999999886758637491
9003,9033,0.75731999999999999318,4.8056000000000000938,0,0,0,0,0.98999999999999999112,0,1,-360,360,2.0251380256304929439,0.85547225168136042939,-1.9927574181839602385,-0.64999999801704877456
9003,9044,0.073779999999999998361,0.063519999999999993134,0,0,0,0,0,0,1,-360,360,4.414080732562027265,1.5615212141105889732,-4.3994810049275852037,-1.548951754916502388
9044,9004,0.038319999999999999896,0.028940000000000000446,0,0,0,0,0,0,1,-360,360,4.3994810035776952262,1.5489517530817125124,-4.3918981686291980182,-1.543225050487517569
9004,9041,0.366140000000000021,2.4559999999999999609,0,0,0,0,0.98999999999999999112,0,1,-360,360,1.0687946524979370366,0.37825382641400984163,-1.0645825775356949627,-0.34999999971583994895
9004,9042,1.0592999999999999083,5.4535999999999997812,0,0,0,0,1.0100000000000000089,0,1,-360,360,0.85921460102484359389,0.32279664641657679347,-0.8509018373540029323,-0.27999999961652510816
9004,9043,0.15670000000000000595,1.6994000000000000217,0,0,0,0,0.96999999999999997335,0,1,-360,360,1.6038888908062667316,0.56217473561164832407,-1.5999999999481842039,-0.51999999965616405806
9003,9034,0.13006000000000000894,1.3911999999999999922,0,0,0,0,1.0300000000000000266,0,1,-360,360,1.6636582528893681943,-3.8266868032322003401,-1.6419729228241661811,4.0586461388212393686
9003,9035,0.54483999999999999098,3.4571999999999998288,0,0,0,0,0.96999999999999997335,0,1,-360,360,1.7770888123961972038,0.68656679411998899898,-1.760294339170080713,-0.57999999866200235843
9003,9036,0.15426000000000000822,1.6729000000000000536,0,0,0,0,1.0100000000000000089,0,1,-360,360,3.0450943609929361777,1.1636934767718376538,-3.0300000002514324571,-0.99999999768155944935
9003,9037,0.3849000000000000199,2.5712000000000001521,0,0,0,0,0.95999999999999996447,0,1,-360,360,1.9895552074339919457,0.73626029536572379364,-1.975145364482704835,-0.63999999867475043658
9003,9038,0.44119999999999998108,2.9668000000000001037,0,0,0,0,1.0100000000000000089,0,1,-360,360,2.75633577162922494,1.132587109376357537,-2.7202600557688914051,-0.88999999737624879703
9012,9121,0.23552000000000000712,0.99036000000000001808,0,0,0,0,0,0,1,-360,360,3.837134581838518077,1.4061506638171199501,-3.8000000000146840762,-1.2499999995208692649
9053,9533,0,0.75,0,0,0,0,1.0300000000000000266,0,1,-360,360,1.2853852925520354855,0.42431286182812594232,-1.2853852925520334871,-0.41000000000000946798
1,5,0.0010000000000000000208,0.0060000000000000001249,0,0,0,0,0,0,1,-360,360,398.1830234995347837,64.873413018163105903,-396.63757786691655838,-55.600739222453896105
2,6,0.0010000000000000000208,0.00899999999999999932,0,0,0,0,0,0,1,-360,360,161.96311713071091276,79.801806629553311723,-161.6643122983013825,-77.112563137867468299
2,8,0.0060000000000000001249,0.026999999999999999695,0.053999999999999999389,0,0,0,0,0,1,-360,360,357.6450899098712739,15.960443529196471246,-350.5911348562119656,10.009973645520272356
3,7,0,0.0030000000000000000625,0,0,0,0,0,0,1,-360,360,256.65439242620789173,115.12500523227285498,-256.65439242620789173,-112.95724614130062946
3,19,0.0080000000000000001665,0.069000000000000005773,0.13900000000000001243,0,0,0,0,0,1,-360,360,139.54435210605441853,5.4744354511510513461,-138.10922263940358334,-8.0968218528152426927
3,150,0.0010000000000000000208,0.0070000000000000001457,0,0,0,0,0,0,1,-360,360,93.750734353950917921,68.137136498457365974,-93.628072036646827314,-67.27850027732878857
4,16,0.0020000000000000000416,0.018999999999999999528,1.1270000000000000018,0,0,0,0,0,1,-360,360,722.59295739631625111,22.849150385919607231,-713.82529709036282384,-73.242879318891908724
5,9,0.0060000000000000001249,0.029000000000000001471,0.01799999999999999864,0,0,0,0,0,1,-360,360,114.77394500478943939,15.824701763061044701,-113.99624030622430837,-13.914023284790113522
7,12,0.0010000000000000000208,0.00899999999999999932,0.070000000000000006661,0,0,0,0,0,1,-360,360,178.72836905608448888,-33.737195548275600743,-178.42658649282577699,28.828728428194892786
7,131,0.0010000000000000000208,0.0070000000000000001457,0.014000000000000000291,0,0,0,0,0,1,-360,360,48.453968523563396786,86.518822475646402381,-48.362387815623051779,-87.392017738727815868
8,11,0.012999999999999999403,0.059499999999999997335,0.033000000000000001554,0,0,0,0,0,1,-360,360,7.1070269265188006358,11.918266232931134851,-7.0776325818112715282,-15.208773332072306417
8,14,0.012999999999999999403,0.042000000000000002609,0.081000000000000002554,0,0,0,0,0,1,-360,360,280.48410793086577542,-31.469773865963222903,-270.62286594987585886,54.992667738251114429
9,11,0.0060000000000000001249,0.026999999999999999695,0.012999999999999999403,0,0,0,0,0,1,-360,360,17.996240306228695971,-29.085976715309385554,-17.929370930086207636,28.057960292045429185
11,13,0.0080000000000000001665,0.034000000000000002442,0.01799999999999999864,0,0,0,0,0,1,-360,360,150.68527151997813007,5.199572225438173767,-148.91687565781575131,0.48712749846643449425
12,21,0.0020000000000000000416,0.014999999999999999445,0.11799999999999999378,0,0,0,0,0,1,-360,360,422.74831848484825514,79.804690810375518595,-419.33343731821173606,-66.828642887663448846
13,20,0.0060000000000000001249,0.034000000000000002442,0.016000000000000000333,0,0,0,0,0,1,-360,360,90.916875657878222228,-10.487127496267945048,-90.416951553167905331,11.717396067072892052
14,15,0.014000000000000000291,0.042000000000000002609,0.097000000000000002887,0,0,0,0,0,1,-360,360,110.62286596359057,-114.9926678048325499,-107.25172865657204113,114.97334253046915364
15,37,0.06500000000000000222,0.24799999999999999822,0.12099999999999999645,0,0,0,0,0,1,-360,360,17.993797359999046392,-7.0183355770589788136,-17.798370034401212791,-5.1618425181592249018
15,89,0.099000000000000004663,0.24799999999999999822,0.035000000000000003331,0,0,0,0,0,1,-360,360,14.746758021021715734,-3.9383815206125278863,-14.543122508736097132,0.70719092546828388191
15,90,0.096000000000000001998,0.36299999999999998934,0.048000000000000000999,0,0,0,0,0,1,-360,360,11.758987884076232078,-4.9149706628860476698,-11.630988531816797149,0.23500980079571193171
16,42,0.0020000000000000000416,0.021999999999999998723,1.2800000000000000266,0,0,0,0,0,1,-360,360,408.061056932986844,-80.029630826106100017,-405.1956795467625625,-36.808588891406927246
19,21,0.0020000000000000000416,0.01799999999999999864,0.03599999999999999728,0,0,0,0,0,1,-360,360,-46.40589186496288221,36.679042281948333937,46.474413005690173861,-39.868765766440056098
19,87,0.012999999999999999403,0.080000000000000001665,0.15099999999999999534,0,0,0,0,0,1,-360,360,184.51511450682673399,-28.582220415336678343,-180.30098710038106447,38.412623502671792153
20,22,0.016000000000000000333,0.033000000000000001554,0.014999999999999999445,0,0,0,0,0,1,-360,360,-10.608968318863373881,23.701672889072572303,10.722639891615342478,-24.957710990846155852
20,27,0.069000000000000005773,0.18599999999999999867,0.098000000000000003775,0,0,0,0,0,1,-360,360,26.026109508287024852,1.7539251275141194419,-25.528174058123493495,-9.9281202546747930882
21,24,0.0040000000000000000833,0.034000000000000002442,0.28000000000000002665,0,0,0,0,0,1,-360,360,-234.14116532144629446,-99.353241860482896186,236.49941104544586779,88.795149326348280283
22,23,0.051999999999999997613,0.11100000000000000144,0.050000000000000002776,0,0,0,0,0,1,-360,360,-91.722639891641122745,1.9577109907074154993,96.163864415076915293,2.3399328828826471138
23,25,0.018999999999999999528,0.038999999999999999944,0.01799999999999999864,0,0,0,0,0,1,-360,360,124.66347687008129697,10.826342034720928709,-121.91946727977887122,-7.0997434515272574984
24,319,0.0070000000000000001457,0.068000000000000004885,0.13400000000000000799,0,0,0,0,0,1,-360,360,116.67324766888533816,-30.8617829555364942,-115.79999999981124859,23.999999999624215263
25,26,0.03599999999999999728,0.070999999999999993672,0.034000000000000002442,0,0,0,0,0,1,-360,360,76.919467279801011728,-4.9002565487121039212,-74.851823876825335446,5.5501156044141017887
26,27,0.044999999999999998335,0.11999999999999999556,0.06500000000000000222,0,0,0,0,0,1,-360,360,44.374450036151877441,-0.78305592272659640951,-43.471825941881277799,-3.0718797453179611523
26,320,0.042999999999999996558,0.13000000000000000444,0.014000000000000000291,0,0,0,0,0,1,-360,360,2.4773738406706926618,-13.76705968178311501,-2.3999999999997578826,12.600000000001671197
33,34,0,0.063000000000000000444,0,0,0,0,0,0,1,-360,360,-125.32646983964195897,-42.748580686574719323,125.32646983964197318,52.933076556105675081
33,38,0.002500000000000000052,0.01200000000000000025,0.012999999999999999403,0,0,0,0,0,1,-360,360,86.680935701624662215,29.331526302044931498,-86.486959612004937981,-29.803047609458911182
33,40,0.0060000000000000001249,0.029000000000000001471,0.020000000000000000416,0,0,0,0,0,1,-360,360,49.522661880299700954,8.8346708913631672999,-49.381552355707903246,-10.310434306307140417
33,41,0.0070000000000000001457,0.042999999999999996558,0.025999999999999998807,0,0,0,0,0,1,-360,360,-65.877127745940200043,-1.4176164557346853101,66.157207199259190133,0.30505198724912752084
34,42,0.0010000000000000000208,0.0080000000000000001665,0.042000000000000002609,0,0,0,0,0,1,-360,360,-125.32646984149029379,-52.933076576556857162,125.48595580789425696,49.377838431685937337
35,72,0.01200000000000000025,0.05999999999999999778,0.0080000000000000001665,0,0,0,0,0,1,-360,360,48.265541986046258671,6.6184479515622225421,-47.979098741542472339,-5.9758308812838141222
35,76,0.0060000000000000001249,0.014000000000000000291,0.0020000000000000000416,0,0,0,0,0,1,-360,360,112.65306930287096066,41.621769069972522459,-111.78419184406185138,-39.791212731759010524
35,77,0.010000000000000000208,0.029000000000000001471,0.0030000000000000000625,0,0,0,0,0,1,-360,360,-46.882936936861050015,-7.5617934845938874489,47.109011156451579438,7.9163591932244345983
36,88,0.0040000000000000000833,0.026999999999999999695,0.042999999999999996558,0,0,0,0,0,1,-360,360,-114.03567436351136166,-47.591914590843565236,114.57168858397952249,46.307993059078413012
37,38,0.0080000000000000001665,0.047000000000000000111,0.0080000000000000001665,0,0,0,0,0,1,-360,360,46.235134415224692361,-23.048704367437821361,-46.03493442701073235,23.372082860124681503
37,40,0.021999999999999998723,0.064000000000000001332,0.0070000000000000001457,0,0,0,0,0,1,-360,360,35.306029140538960576,-23.141351924950200214,-34.939279923856950916,23.462084053558367458
37,41,0.010000000000000000208,0.03599999999999999728,0.020000000000000000416,0,0,0,0,0,1,-360,360,-48.369962920646663918,-36.757860898614012513,48.711307794243737135,35.833296376312183895
37,49,0.017000000000000001221,0.081000000000000002554,0.048000000000000000999,0,0,0,0,0,1,-360,360,-175.66167404363434912,29.099183028873238044,180.77690271888235429,-9.8785381101875309184
37,89,0.10199999999999999345,0.25400000000000000355,0.033000000000000001554,0,0,0,0,0,1,-360,360,-2.2357878006269471527,-1.1158234479514448356,2.2409872460043755993,-2.3674883871364746923
37,90,0.047000000000000000111,0.12700000000000000178,0.016000000000000000333,0,0,0,0,0,1,-360,360,-2.1742141765558700151,-5.9865350189840897954,2.1880383003776948669,4.3177261415243766152
38,41,0.0080000000000000001665,0.036999999999999998168,0.020000000000000000416,0,0,0,0,0,1,-360,360,-103.35313824743255395,-5.7344073289208150612,104.15100991552786525,7.2567188476115429552
38,43,0.032000000000000000666,0.086999999999999994005,0.040000000000000000833,0,0,0,0,0,1,-360,360,80.875032281638496556,-5.8346278876387076551,-78.920717821471825459,6.9352496003572765559
39,42,0.00059999999999999994744,0.0064000000000000003067,0.40400000000000002576,0,0,0,0,0,1,-360,360,499.99999989386003563,100.64036496688856914,-498.64622300792404985,-133.31097929626213272
40,48,0.025999999999999998807,0.153999999999999998,0.021999999999999998723,0,0,0,0,0,1,-360,360,38.320832282567131699,7.8483502744788342653,-37.9453014597925673,-7.9363519689998334172
41,42,0,0.029000000000000001471,0,0,0,0,0,0,1,-360,360,-206.18648271092388313,-98.237590928750947228,206.18648271092388313,112.05724929948314639
41,49,0.06500000000000000222,0.19100000000000000311,0.020000000000000000416,0,0,0,0,0,1,-360,360,-62.018107048979217666,26.257017858766378282,64.746273614484607606,-20.422890536526136174
41,51,0.030999999999999999778,0.088999999999999995781,0.03599999999999999728,0,0,0,0,0,1,-360,360,-36.814935107191779196,28.585506403570303036,37.463181238113683946,-30.611608274509350736
42,46,0.0020000000000000000416,0.014000000000000000291,0.80600000000000004974,0,0,0,0,0,1,-360,360,572.1694640639325371,8.684480431644081122,-566.45076077802423242,-60.480784038788357293
43,44,0.025999999999999998807,0.07199999999999999456,0.035000000000000003331,0,0,0,0,0,1,-360,360,7.4137954924947120361,-18.17771758831559481,-7.3325245569758088493,14.752028463253491708
43,48,0.09500000000000000111,0.26200000000000001066,0.032000000000000000666,0,0,0,0,0,1,-360,360,-3.2941703630559109328,0.3608130772809362008,3.3078779845864159093,-3.6223039444977547241
43,53,0.012999999999999999403,0.038999999999999999944,0.016000000000000000333,0,0,0,0,0,1,-360,360,35.801092695840466718,1.8816549594749125696,-35.638888168944511392,-3.0390661591777017314
44,47,0.026999999999999999695,0.084000000000000005218,0.038999999999999999944,0,0,0,0,0,1,-360,360,114.80731567059707743,0.94451429438155432017,-111.42540635573151064,5.5818985916257108926
44,54,0.028000000000000000583,0.084000000000000005218,0.036999999999999998168,0,0,0,0,0,1,-360,360,-19.430371618034655512,14.60753763617564438,19.603640620361840519,-17.95348019162037545
45,60,0.0070000000000000001457,0.041000000000000001721,0.31199999999999999956,0,0,0,0,0,1,-360,360,-230.71724075619434302,12.384726220927062101,233.98444014858040418,-29.691983285784566249
45,74,0.00899999999999999932,0.053999999999999999389,0.41099999999999997646,0,0,0,0,0,1,-360,360,246.38214430431975188,-5.2642316765237895382,-241.64709982789153742,-13.017364077615123819
46,81,0.0050000000000000001041,0.042000000000000002609,0.68999999999999994671,0,0,0,0,0,1,-360,360,304.7414377465094617,-16.010042230701593269,-300.58355123546704135,-25.352143408570682936
47,73,0.051999999999999997613,0.14499999999999999001,0.072999999999999995448,0,0,0,0,0,1,-360,360,22.269178123861095742,-13.191679474500952907,-21.962497923776052033,6.7562090639927161462
47,113,0.042999999999999996558,0.11799999999999999378,0.012999999999999999403,0,0,0,0,0,1,-360,360,31.15622823381937323,-4.1902190846669444824,-30.731615971633662099,4.0719416829273340497
48,107,0.025000000000000001388,0.061999999999999999556,0.0070000000000000001457,0,0,0,0,0,1,-360,360,-6.3625765256088389066,-7.4413440644709298866,6.3845958069467245721,6.7714940883534442406
49,51,0.030999999999999999778,0.094000000000000000222,0.042999999999999996558,0,0,0,0,0,1,-360,360,93.650959257852974815,-16.725366828605658043,-91.092699207802922956,19.854197947864683726
51,52,0.036999999999999998168,0.10899999999999999967,0.049000000000000001887,0,0,0,0,0,1,-360,360,58.629517994954774451,5.7574105036695879534,-57.410890393028346068,-7.2452340753063904089
52,55,0.026999999999999999695,0.080000000000000001665,0.03599999999999999728,0,0,0,0,0,1,-360,360,-3.5891096040075427531,-20.754765854400282876,3.6886899691741352747,17.363722242028327258
53,54,0.025000000000000001388,0.072999999999999995448,0.035000000000000003331,0,0,0,0,0,1,-360,360,-33.361111831713486708,0.039066178213444102685,33.634204020342430397,-2.8439842207969552312
54,55,0.035000000000000003331,0.10299999999999999434,0.047000000000000000111,0,0,0,0,0,1,-360,360,-63.237844636133765164,19.797464446435363072,64.755028235689650273,-20.21295483169143381
55,57,0.06500000000000000222,0.16900000000000001132,0.082000000000000003442,0,0,0,0,0,1,-360,360,-45.44371820104654347,8.7706600224465756099,46.840398696023761715,-13.759131627205878345
57,58,0.045999999999999999223,0.080000000000000001665,0.03599999999999999728,0,0,0,0,0,1,-360,360,-10.14419292599056277,22.004277936507243396,10.436456167684376339,-25.268920163320746752
57,63,0.15900000000000000244,0.53700000000000003286,0.070999999999999993672,0,0,0,0,0,1,-360,360,30.303794227588326748,-7.9285907487213078682,-28.903332830157534517,5.20211682464909142
58,59,0.00899999999999999932,0.025999999999999998807,0.0050000000000000001041,0,0,0,0,0,1,-360,360,-24.436456166493680797,24.268920160369379602,24.540810869865676835,-24.482303473113578463
59,61,0.0020000000000000000416,0.012999999999999999403,0.014999999999999999445,0,0,0,0,0,1,-360,360,-242.54081087019733332,-81.517696502422325011,243.81515210323186693,88.238709161569872208
60,62,0.00899999999999999932,0.06500000000000000222,0.48499999999999998668,0,0,0,0,0,1,-360,360,-233.98444013819920428,29.691983290630950876,238.43458139927324169,-54.279000349889741983
62,64,0.016000000000000000333,0.10499999999999999611,0.20300000000000001377,0,0,0,0,0,1,-360,360,197.99249571430311789,40.342439889092290173,-192.22769782680560979,-24.787836657634830573
62,144,0.0010000000000000000208,0.0070000000000000001457,0.012999999999999999403,0,0,0,0,0,1,-360,360,-107.24222923074064795,-39.773049320458767397,107.35416060407953864,39.039039138476525181
63,526,0.026499999999999999251,0.17199999999999998623,0.025999999999999998807,0,0,0,0,0,1,-360,360,151.13103065713684714,0.27226179289199792244,-145.30000000003587957,34.899999999810795259
69,211,0.050999999999999996725,0.23200000000000001177,0.028000000000000000583,0,0,0,0,0,1,-360,360,-26.593132418932256655,-10.736542872806767335,27.014557503065457666,9.853079946000455891
69,79,0.050999999999999996725,0.15700000000000000067,0.022999999999999999611,0,0,0,0,0,1,-360,360,-19.040594292084858097,-8.7011857159847760812,19.263251684983945466,7.1217123858179451901
70,71,0.032000000000000000666,0.10000000000000000555,0.061999999999999999556,0,0,0,0,0,1,-360,360,-84.364363381179103385,1.4952104676642541392,86.852798852959622877,0.42451168582479104074
70,528,0.020000000000000000416,0.1233999999999999958,0.028000000000000000583,0,0,0,0,0,1,-360,360,28.364363381831353195,-21.495210456286404366,-28.099999999229179792,20.499999998242035559
71,72,0.03599999999999999728,0.13100000000000000533,0.068000000000000004885,0,0,0,0,0,1,-360,360,-25.444905628754565186,1.9336262733355271681,25.69496967864877135,-7.6502905274397470237
71,73,0.034000000000000002442,0.099000000000000004663,0.047000000000000000111,0,0,0,0,0,1,-360,360,-61.40789322373470327,5.7725425581660942953,62.7502471129429793,-6.5010781030511362033
72,77,0.01799999999999999864,0.086999999999999994005,0.010999999999999999362,0,0,0,0,0,1,-360,360,-48.769813992328522545,-8.280558654362582871,49.218863582819324165,9.357627519291469298
72,531,0.025600000000000001227,0.19300000000000000488,0,0,0,0,0,0,1,-360,360,14.05394305524713694,2.9066800647802932822,-13.999999999971185716,-2.4999999996139719016
73,76,0.021000000000000001305,0.057000000000000002054,0.02999999999999999889,0,0,0,0,0,1,-360,360,28.904417435516627677,14.521806931914261085,-28.675434097982986259,-16.860357999328197565
73,79,0.01799999999999999864,0.051999999999999997613,0.01799999999999999864,0,0,0,0,0,1,-360,360,-20.858414338680439926,1.3730913441106205042,20.937524761948370866,-2.9523500725230640285
74,88,0.0040000000000000000833,0.026999999999999999695,0.050000000000000002776,0,0,0,0,0,1,-360,360,-82.360992478389661642,-73.435388793477841318,82.784678351810669028,70.622785470280831532
74,562,0.028600000000000000422,0.20130000000000000671,0.37900000000000000355,0,0,0,0,0,1,-360,360,51.174340009964090825,-19.498598562238512955,-50.500000000847713011,-17.399999986629641313
76,77,0.016000000000000000333,0.042999999999999996558,0.0040000000000000000833,0,0,0,0,0,1,-360,360,-67.540374056152600701,-18.887398127295295325,68.349049031107185215,20.664285631821151412
77,78,0.0010000000000000000208,0.0060000000000000001249,0.0070000000000000001457,0,0,0,0,0,1,-360,360,-257.4819197980913259,-57.754988912556306957,258.17064618502303119,61.175734953386808002
77,80,0.014000000000000000291,0.070000000000000006661,0.037999999999999999056,0,0,0,0,0,1,-360,360,-0.52014732651450756862,-4.5102897233000218691,0.52111456285386670295,0.66826979996509894288
77,552,0.089099999999999998646,0.26760000000000000453,0.029000000000000001471,0,0,0,0,0,1,-360,360,-10.987683081542860108,-4.0428035554395762574,11.100000000008025225,1.399999999781154747
77,609,0.078200000000000005618,0.21270000000000000018,0.021999999999999998723,0,0,0,0,0,1,-360,360,30.312826435620827681,0.36980985555333384385,-29.599999999962083308,-0.59999999909733092718
78,79,0.0060000000000000001249,0.021999999999999998723,0.010999999999999999362,0,0,0,0,0,1,-360,360,79.829353814304070625,14.254268999296487053,-79.442610777624551588,-13.952549963876032635
78,84,0,0.03599999999999999728,0,0,0,0,0,0,1,-360,360,-338.00000000008469669,-75.430003955381934588,338.00000000008469669,117.64633047165079915
79,211,0.099000000000000004663,0.375,0.050999999999999996725,0,0,0,0,0,1,-360,360,-8.7581656695798351109,-4.2168123472413814312,8.8362518213069876083,-0.70174503785478681284
80,211,0.021999999999999998723,0.10699999999999999789,0.058000000000000002942,0,0,0,0,0,1,-360,360,-28.521114562516736157,-7.6682698009431611297,28.702412533136584472,2.5989894773714938836
81,194,0.0035000000000000000729,0.033000000000000001554,0.53000000000000002665,0,0,0,0,0,1,-360,360,6.9797694913482253298,-54.572259063568104409,-6.9569066757879740592,-3.3302084053597482693
81,195,0.0035000000000000000729,0.033000000000000001554,0.53000000000000002665,0,0,0,0,0,1,-360,360,96.247414814728344368,-46.100653531920919193,-95.939909429773990723,-8.8280148761343770758
85,86,0.0080000000000000001665,0.064000000000000001332,0.12800000000000000266,0,0,0,0,0,1,-360,360,-94.515770107456759774,1.1167084671805938001,95.186975991828077781,-9.526603717773515001
86,87,0.01200000000000000025,0.092999999999999999334,0.182999999999999996,0,0,0,0,0,1,-360,360,-115.71379332278273466,17.253365488022474494,117.28233537300990008,-24.77179703837240865
86,323,0.0060000000000000001249,0.048000000000000000999,0.091999999999999998446,0,0,0,0,0,1,-360,360,-14.861042933643769715,16.956908499507438393,14.899999999975879206,-26.500000001487805434
89,91,0.047000000000000000111,0.11899999999999999467,0.014000000000000000291,0,0,0,0,0,1,-360,360,-31.897864737374675315,1.6602974579612670425,32.351495540065691614,-2.0140718716203362959
90,92,0.032000000000000000666,0.17399999999999998801,0.0240000000000000005,0,0,0,0,0,1,-360,360,-56.55704976836420883,-4.5527359425159312778,57.51334574417838752,7.106876801316514225
91,94,0.10000000000000000555,0.25300000000000000266,0.030999999999999999778,0,0,0,0,0,1,-360,360,7.5000202740576753513,4.2969799723439265904,-7.4152937152880333826,-7.380087423500706123
91,97,0.021999999999999998723,0.076999999999999999001,0.038999999999999999944,0,0,0,0,0,1,-360,360,97.748484185388875289,4.3624619717761987658,-95.804416663256731113,-1.7014074978417474959
92,103,0.018999999999999999528,0.14399999999999998912,0.017000000000000001221,0,0,0,0,0,1,-360,360,77.337789341648203845,12.159149558241576727,-76.303933470254520444,-6.1986925680245805736
92,105,0.017000000000000001221,0.091999999999999998446,0.01200000000000000025,0,0,0,0,0,1,-360,360,139.34886491308381551,16.969240861584015789,-136.38290024979647796,-2.2363951403315041055
94,97,0.27800000000000002487,0.42699999999999999067,0.042999999999999996558,0,0,0,0,0,1,-360,360,10.133945451926768655,-8.1211066610643527497,-9.7674287183743828678,4.2119038812363633895
97,100,0.021999999999999998723,0.052999999999999998501,0.0070000000000000001457,0,0,0,0,0,1,-360,360,43.367773444274817507,3.6516569526039348581,-42.966004415884299306,-3.4028864138713115217
97,102,0.037999999999999999056,0.091999999999999998446,0.01200000000000000025,0,0,0,0,0,1,-360,360,40.107767543181395808,2.2950857997397307031,-39.516142700313579894,-2.0885775829653883129
97,103,0.048000000000000000999,0.12199999999999999734,0.014999999999999999445,0,0,0,0,0,1,-360,360,-17.803695604458514623,-8.4572391416611090165,17.97741845939553329,7.3134082965328266468
98,100,0.0240000000000000005,0.064000000000000001332,0.0070000000000000001457,0,0,0,0,0,1,-360,360,-6.8513145321378390307,-3.9627166275054359623,6.8655932906996701703,3.2924015257395149447
98,102,0.034000000000000002442,0.12099999999999999645,0.014999999999999999445,0,0,0,0,0,1,-360,360,8.151314532023597792,-1.5008789928088017707,-8.1287161889155790107,0.071999426654512782564
99,107,0.052999999999999998501,0.13500000000000000888,0.017000000000000001221,0,0,0,0,0,1,-360,360,-50.740133417651037462,3.9370566949188017247,52.124281587279433836,-2.1415845140296778659
99,108,0.0020000000000000000416,0.0040000000000000000833,0.0020000000000000000416,0,0,0,0,0,1,-360,360,-8.0954912490052546303,-0.46639277224377118092,8.0968118453685971048,0.27008359319050967429
99,109,0.044999999999999998335,0.35399999999999998135,0.043999999999999997446,0,0,0,0,0,1,-360,360,27.603508410167552967,-2.829718341534046111,-27.25857277754937158,1.1902674664961601092
99,110,0.050000000000000002776,0.17399999999999998801,0.021999999999999998723,0,0,0,0,0,1,-360,360,42.24788635542049775,-6.083287639348410103,-41.338062464858907674,7.0822226479710996827
100,102,0.016000000000000000333,0.037999999999999999056,0.0040000000000000000833,0,0,0,0,0,1,-360,360,36.100411125152689351,0.11048488835511544037,-35.895152312719197596,-0.027063452795554610031
102,104,0.042999999999999996558,0.064000000000000001332,0.026999999999999999695,0,0,0,0,0,1,-360,360,41.127871470981162361,-23.551591981716342161,-40.192786870364876961,22.23915799424834816
103,105,0.018999999999999999528,0.061999999999999999556,0.0080000000000000001665,0,0,0,0,0,1,-360,360,26.326515010932272531,-1.1147157296852041597,-26.203949521274306989,0.65810632306695027172
104,108,0.075999999999999998113,0.13000000000000000444,0.043999999999999997446,0,0,0,0,0,1,-360,360,29.180810754607950486,-16.867791360458408434,-28.369042412322979629,13.870320823581906211
104,322,0.043999999999999997446,0.12399999999999999911,0.014999999999999999445,0,0,0,0,0,1,-360,360,2.4119761182963692647,-5.3713666256446659375,-2.3999999999988350652,3.8999999998663521517
105,107,0.01200000000000000025,0.087999999999999994893,0.010999999999999999362,0,0,0,0,0,1,-360,360,63.569905853090311609,6.8518258261897200256,-63.108877394550368933,-4.6299095851455671635
105,110,0.15700000000000000067,0.4000000000000000222,0.047000000000000000111,0,0,0,0,0,1,-360,360,49.416943918745722897,-5.273536990556892512,-45.809916869648070303,9.6649215690165011239
108,324,0.073999999999999996336,0.20799999999999999045,0.025999999999999998807,0,0,0,0,0,1,-360,360,25.172230569288288393,-2.4211743786242689858,-24.699999999999878497,1.1999999999998123279
109,110,0.070000000000000006661,0.18399999999999999689,0.021000000000000001305,0,0,0,0,0,1,-360,360,-9.4292365022228334936,4.9653371640117391905,9.5180801895545545932,-6.7894796260243639452
109,113,0.10000000000000000555,0.27400000000000002132,0.030999999999999999778,0,0,0,0,0,1,-360,360,-4.503969596775498907,1.1051975310736452673,4.531615971545997823,-4.071941677877902066
109,114,0.10899999999999999967,0.39300000000000001599,0.03599999999999999728,0,0,0,0,0,1,-360,360,10.491778878191606594,-7.2608021594180272018,-10.336467918807121791,4.2374849406972554533
110,112,0.14199999999999998734,0.40400000000000002576,0.050000000000000002776,0,0,0,0,0,1,-360,360,14.629899149395336977,-9.9576645667805365747,-14.236113674921933026,6.1390264929919853287
112,114,0.017000000000000001221,0.042000000000000002609,0.0060000000000000001249,0,0,0,0,0,1,-360,360,-5.363886323355443686,-6.139026487517817543,5.374574134394968894,5.5634451271568536868
115,122,0.0035999999999999999015,0.019900000000000001021,0.0040000000000000000833,0,0,0,0,0,1,-360,360,56.152176117853400683,-3.8910626810859700875,-56.042160806604343293,4.085209304669329633
116,120,0.0020000000000000000416,0.10489999999999999325,0.0010000000000000000208,0,0,0,0,0,1,-360,360,-60.430619393601034517,3.1675844488403255284,60.505588275957997269,0.66684431771563268398
117,118,0.00010000000000000000479,0.0017999999999999999507,0.017000000000000001221,0,0,0,0,0,1,-360,360,-486.46780878740815979,244.38506877391156991,486.78046140631118988,-240.36437281040358016
118,119,0,0.02709999999999999909,0,0,0,0,0,0,1,-360,360,-578.13244324790503015,-394.56584966519574209,578.13244324790503015,535.59130516666198218
118,1201,0,0.61629999999999995897,0,0,0,0,0,0,1,-360,360,29.459676963940960803,-5.9821066859150375805,-29.459676963940960803,11.897722884860892023
1201,120,0,-0.36969999999999997309,0,0,0,0,0,0,1,-360,360,29.459676965183451358,-11.89772287841011611,-29.459676965183454911,8.3491210471975190188
118,121,0.0022000000000000001325,0.29149999999999998135,0,0,0,0,0,0,1,-360,360,47.792305118882659087,-9.0876729216321372462,-47.73699969286228395,16.415641869332969094
119,120,0,0.033899999999999999578,0,0,0,0,0,0,1,-360,360,708.0459112413245748,415.36209027444385811,-708.0459112413245748,-223.96469824388290704
119,121,0,0.058200000000000001732,0,0,0,0,0,0,1,-360,360,543.41517638474715568,240.6091342744970234,-543.41517638474715568,-68.380678525551658709
122,123,0.080799999999999996825,0.23439999999999999725,0.029000000000000001471,0,0,0,0,0,1,-360,360,23.870237384357011479,-1.010113133643440797,-23.424696004702042273,-0.64093331041127354908
122,125,0.096500000000000002442,0.36690000000000000391,0.053999999999999999389,0,0,0,0,0,1,-360,360,18.875815044843928803,-2.3235079981668533833,-18.543012738403653827,-1.8992217028798143996
123,124,0.03599999999999999728,0.1076000000000000012,0.11700000000000000677,0,0,0,0,0,1,-360,360,-62.549374905177536732,10.199109570091440702,64.055924898061007866,-17.445898004370896217
123,125,0.047600000000000003419,0.14139999999999999791,0.14899999999999999356,0,0,0,0,0,1,-360,360,7.9740709057305725338,-10.958176298251016689,-7.9377177322027385742,-3.7976378116011955122
125,126,0.00059999999999999994744,0.019699999999999998762,0,0,0,0,0,0,1,-360,360,-488.31926953288842697,70.024176996476086288,489.78109080785856122,-22.027711801624672461
126,127,0.0058999999999999998626,0.040500000000000001277,0.25,0,0,0,0,0,1,-360,360,-95.399857247995385023,26.293839622822350321,96.03334378492516521,-46.382291225276894409
126,129,0.011499999999999999806,0.11060000000000000386,0.18499999999999999778,0,0,0,0,0,1,-360,360,-130.68284589234195892,19.888586937585863268,132.77163069023993103,-17.944018624550505336
126,132,0.019800000000000001626,0.1688000000000000056,0.32100000000000000755,0,0,0,0,0,1,-360,360,-162.79369368591753187,12.882377305591703021,168.27785320944337855,1.4390434201771162837
126,157,0.0050000000000000001041,0.050000000000000002776,0.33000000000000001554,0,0,0,0,0,1,-360,360,-25.954650380389193032,-29.331654637109398465,25.997424843856446586,-3.0599714009241023582
126,158,0.007700000000000000247,0.0538000000000000006,0.33500000000000001998,0,0,0,0,0,1,-360,360,-46.055385920230854424,-40.629767509444633333,46.266276040194860286,8.4855708199053925256
126,169,0.016500000000000000777,0.11569999999999999729,0.1710000000000000131,0,0,0,0,0,1,-360,360,-86.794657601548848902,27.824330340489879632,88.274428150627386458,-33.950998565575282839
127,128,0.0058999999999999998626,0.057700000000000001288,0.09500000000000000111,0,0,0,0,0,1,-360,360,-170.16847103128426966,18.837539768777880056,171.9662378235529161,-10.471033654558581816
127,134,0.0048999999999999998418,0.033599999999999997924,0.20799999999999999045,0,0,0,0,0,1,-360,360,-137.17888728293740996,-28.181092081480290545,138.14769288067810749,14.39229878809996066
127,168,0.0058999999999999998626,0.057700000000000001288,0.09500000000000000111,0,0,0,0,0,1,-360,360,-169.48598544939591193,18.725843642068745964,171.26931042352686063,-10.500412202732297473
128,130,0.007799999999999999642,0.077299999999999993716,0.12600000000000000089,0,0,0,0,0,1,-360,360,-233.8307782460690305,-7.2798429251287712916,238.22012912586822608,38.081601332938923576
128,133,0.0025999999999999998807,0.019300000000000001182,0.02999999999999999889,0,0,0,0,0,1,-360,360,61.864540421969913098,17.750876677077595645,-61.752256042152033899,-19.81661935021564247
129,130,0.0075999999999999999847,0.075200000000000002953,0.12199999999999999734,0,0,0,0,0,1,-360,360,-232.00926354205270741,-7.3732714891170809679,236.20557328808553166,36.579899014772934152
129,133,0.0020999999999999998702,0.018599999999999998479,0.02999999999999999889,0,0,0,0,0,1,-360,360,99.237632855434711132,25.317290247284844895,-99.010056919775365714,-26.205780038722526371
130,132,0.0016000000000000000767,0.016400000000000001382,0.025999999999999998807,0,0,0,0,0,1,-360,360,277.50489017306227879,7.4540833895328342251,-276.32335358800054337,1.9552662669342275592
130,151,0.0016999999999999999053,0.016500000000000000777,0.025999999999999998807,0,0,0,0,0,1,-360,360,170.22384120899582172,155.23904881280253676,-169.35259926892010185,-149.42410154786833232
130,167,0.0079000000000000007716,0.079299999999999995492,0.12700000000000000178,0,0,0,0,0,1,-360,360,276.46268756183383175,77.175140908986293198,-270.14691969956936646,-26.235971552514701699
130,168,0.007799999999999999642,0.078399999999999997469,0.125,0,0,0,0,0,1,-360,360,235.3733384331699483,37.907851532553280549,-231.08623215146567986,-7.4137825514629884793
133,137,0.0016999999999999999053,0.01170000000000000033,0.28899999999999997913,0,0,0,0,0,1,-360,360,-662.91521202259423262,-188.52254253534746908,671.22709652750461373,216.934858933532837
133,168,0.0025999999999999998807,0.019300000000000001182,0.02999999999999999889,0,0,0,0,0,1,-360,360,-59.711132223069853353,-20.028098512139237641,59.816921727366732853,17.914194850288780003
133,169,0.0020999999999999998702,0.018599999999999998479,0.02999999999999999889,0,0,0,0,0,1,-360,360,118.46994582333995538,33.987050556107753607,-118.13588012984691034,-33.885323015776911859
133,171,0.00020000000000000000958,0.010099999999999999603,0,0,0,0,0,0,1,-360,360,764.91871137602038289,220.58598993205231409,-763.59999999696560735,-153.9910652897903276
134,135,0.0043000000000000000028,0.029299999999999999656,0.17999999999999999334,0,0,0,0,0,1,-360,360,-76.096833544928216497,-8.7172826158640859262,76.346773347985092073,-7.5744166146568039366
134,184,0.003899999999999999821,0.038100000000000001921,0.25800000000000000711,0,0,0,0,0,1,-360,360,-62.050859337007757688,-5.6750161635378963965,62.203601982156229155,-18.535505801873402021
135,136,0.0091000000000000004496,0.06230000000000000121,0.38500000000000000888,0,0,0,0,0,1,-360,360,-245.54677334926759613,-34.025583356709773852,251.03579276868273951,31.308944336045772872
136,137,0.012500000000000000694,0.088999999999999995781,0.54000000000000003553,0,0,0,0,0,1,-360,360,60.729977723041336901,-3.1722420492397409575,-60.227988847939293748,-50.534517993168492467
136,152,0.0055999999999999999431,0.038999999999999999944,0.95299999999999995826,0,0,0,0,0,1,-360,360,-366.96577049446528918,-46.336702256931182831,373.88526836663533004,-12.02440382984431011
137,140,0.0015000000000000000312,0.011400000000000000411,0.28399999999999997469,0,0,0,0,0,1,-360,360,337.50703959044119529,-4.1313484193668523758,-335.84881209428306192,-12.40128873892470196
137,181,0.00050000000000000001041,0.0033999999999999998106,0.021000000000000001305,0,0,0,0,0,1,-360,360,-92.00480958836028833,-52.895208220061938675,92.05885850893452016,51.092087089118187748
137,186,0.00069999999999999999289,0.015100000000000000575,0.12600000000000000089,0,0,0,0,0,1,-360,360,-473.16260518594157247,-50.274790168655890454,474.69505559787467064,70.179547461736575542
137,188,0.00050000000000000001041,0.0033999999999999998106,0.021000000000000001305,0,0,0,0,0,1,-360,360,-429.28565255541224133,-23.362927988558855219,430.18142328543848407,27.281873562423221813
139,172,0.056199999999999999956,0.22479999999999999982,0.081000000000000002554,0,0,0,0,0,1,-360,360,21.820263402716047807,-0.79947863279718722751,-21.555013196991630764,-6.3565991409915518773
140,141,0.01200000000000000025,0.083599999999999993761,0.12299999999999999822,0,0,0,0,0,1,-360,360,-83.855979575210298549,-11.03805130817367619,84.685632691466210531,4.0645177008839645794
140,142,0.015199999999999999969,0.11319999999999999507,0.6840000000000000524,0,0,0,0,0,1,-360,360,-3.4067856533689653276,-13.036703871679392819,3.4796967044620590315,-54.576894082306594669
140,145,0.046800000000000001321,0.33689999999999997726,0.51900000000000001688,0,0,0,0,0,1,-360,360,-13.839792689898947842,-11.634926319843891918,14.028699482549592759,-37.82361663163472798
140,146,0.042999999999999996558,0.30309999999999998055,0.46300000000000002265,0,0,0,0,0,1,-360,360,-46.521009950958678303,-13.435422258397000661,47.476775442196128552,-27.049001863478871144
140,147,0.048899999999999999023,0.34920000000000001039,0.53800000000000003375,0,0,0,0,0,1,-360,360,-62.138715205988603429,-16.230154677573107591,64.049487811405185766,-25.854175829033863465
140,182,0.0012999999999999999403,0.0088999999999999999251,0.11899999999999999467,0,0,0,0,0,1,-360,360,157.9110951782903669,-36.923452806969891071,-157.58126786994176882,27.029801263232382524
141,146,0.029100000000000000866,0.22670000000000001261,0.3420000000000000262,0,0,0,0,0,1,-360,360,-32.988128037877260113,-4.9174102023235590764,33.336127070571912157,-27.816842651609384518
142,143,0.0060000000000000001249,0.057000000000000002054,0.7670000000000000151,0,0,0,0,0,1,-360,360,-223.99532956657347427,-88.725698084370364427,227.25398662196582222,41.126630772164354255
143,145,0.0074999999999999997224,0.077299999999999993716,0.11899999999999999467,0,0,0,0,0,1,-360,360,105.0708057421984023,79.274786390308008777,-103.78950510877776026,-78.051211072922839662
143,149,0.012699999999999999484,0.090899999999999994693,0.13500000000000000888,0,0,0,0,0,1,-360,360,-30.546339578066284304,5.2829686880871333798,30.67506090803673402,-18.790177726663117141
145,146,0.0085000000000000006106,0.058799999999999998102,0.086999999999999994005,0,0,0,0,0,1,-360,360,-152.25585127030058175,-43.444622239585271473,154.4970529003755928,50.433714907656565174
145,149,0.021799999999999999933,0.15110000000000001208,0.22300000000000000377,0,0,0,0,0,1,-360,360,-70.996376252361827142,-36.454088212709336858,72.324939089870838416,23.366536991400529644
146,147,0.0073000000000000000652,0.050400000000000000355,0.073999999999999996336,0,0,0,0,0,1,-360,360,-151.30995540799045784,-7.7400434709864738281,152.95051218858554876,11.404608343578418683
148,178,0.052299999999999999267,0.15260000000000001341,0.073999999999999996336,0,0,0,0,0,1,-360,360,89.005442183555132374,32.314561460555871975,-84.476447196006404283,-26.322608933471840942
148,179,0.13709999999999999964,0.39190000000000002611,0.075999999999999998113,0,0,0,0,0,1,-360,360,44.848674203561166962,0.67180886310753606949,-42.234663220380333826,-0.8230874966876522425
152,153,0.013700000000000000372,0.095699999999999993405,0.14099999999999998646,0,0,0,0,0,1,-360,360,-18.885268366408471508,11.252402858323536705,18.972580810288235398,-26.581017473608405055
153,161,0.0054999999999999996808,0.028799999999999999212,0.19000000000000000222,0,0,0,0,0,1,-360,360,108.49262678881255795,-4.714952777720707644,-107.9101922608281825,-13.27908736103948506
154,156,0.1746000000000000052,0.3160999999999999921,0.040000000000000000833,0,0,0,0,0,1,-360,360,-23.464433994669679606,13.714956347045943019,24.897029065345957832,-14.987485730113236926
154,183,0.080399999999999999245,0.3054000000000000048,0.044999999999999998335,0,0,0,0,0,1,-360,360,-46.535566004952301,-0.29069306505410330566,48.3340482472770816,2.566027631406722076
155,161,0.010999999999999999362,0.056800000000000003264,0.38800000000000001155,0,0,0,0,0,1,-360,360,-72.340274683034763825,-37.320472891292851614,72.910192261662487567,-1.7209126432596213441
157,159,0.00080000000000000003834,0.0097999999999999996836,0.069000000000000005773,0,0,0,0,0,1,-360,360,-365.53646194457166985,5.637708762886273206,366.60343590446052531,0.49728294134758765921
158,159,0.0028999999999999998002,0.028500000000000001027,0.19000000000000000222,0,0,0,0,0,1,-360,360,-86.62174722439729635,22.461883100702337401,86.864372612605947666,-39.345795189062684472
158,160,0.0065999999999999999639,0.044799999999999999545,0.27700000000000002398,0,0,0,0,0,1,-360,360,40.355471186841270992,-30.947453944258608516,-40.231851801710689642,3.3803992612130384643
162,164,0.0023999999999999997898,0.032599999999999997036,0.23599999999999998757,0,0,0,0,0,1,-360,360,462.93794707588739357,13.941514566888745463,-458.6556238774695089,16.029869891421721917
162,165,0.0017999999999999999507,0.024500000000000000944,1.6619999999999999218,0,0,0,0,0,1,-360,360,-547.93794707503968766,-37.941514554001408044,552.4786241502372377,-100.98579603088306555
163,164,0.0044000000000000002651,0.051400000000000001243,3.5969999999999999751,0,0,0,0,0,1,-360,360,-228.54798352704861486,-168.59814261210763675,230.54451863334512041,-236.92811385297417814
165,166,0.00020000000000000000958,0.012300000000000000169,0,0,0,0,0,0,1,-360,360,-552.47862415326062546,100.98579603986289044,553.00000001740170319,-68.921180395187377599
167,169,0.0017999999999999999507,0.01779999999999999985,0.029000000000000001471,0,0,0,0,0,1,-360,360,-29.753080300229832744,-69.464028341191124127,29.861451995783394153,67.836321623431544481
172,173,0.066900000000000001132,0.48430000000000000826,0.063000000000000000444,0,0,0,0,0,1,-360,360,24.125971605295436717,2.5139026540083211358,-23.713497637118578609,-5.5741179347967069191
172,174,0.055800000000000002376,0.221000000000000002,0.030999999999999999778,0,0,0,0,0,1,-360,360,-29.070958408059222933,3.8426964843662800853,29.560756931702641737,-5.0104031371630632918
173,174,0.08069999999999999396,0.33310000000000000719,0.049000000000000001887,0,0,0,0,0,1,-360,360,-52.172479754813927855,2.7924759721417640179,54.573212572948811783,2.381951831977326961
173,175,0.073899999999999993472,0.3070999999999999841,0.042999999999999996558,0,0,0,0,0,1,-360,360,-31.329765882139508193,-3.2431520564868616674,32.116425327003213397,2.4018480368662560309
173,176,0.17990000000000000435,0.50170000000000003482,0.069000000000000005773,0,0,0,0,0,1,-360,360,-56.284256724441419806,10.126996590672860066,62.800199950977031449,1.0790733986968699121
175,176,0.090399999999999994249,0.36259999999999997788,0.048000000000000000999,0,0,0,0,0,1,-360,360,-58.106095257532899723,3.9958029392490095333,61.231754202282040467,3.5407496357865566594
175,179,0.076999999999999999001,0.30919999999999997486,0.053999999999999999389,0,0,0,0,0,1,-360,360,13.13525412763300082,2.2648733367603717248,-12.981857436705187325,-6.8537731230415319672
176,177,0.025100000000000000783,0.082900000000000001465,0.047000000000000000111,0,0,0,0,0,1,-360,360,98.968045846575364521,23.701396566174153691,-96.565463677168338563,-20.712235125097706145
177,178,0.022200000000000000983,0.084699999999999997513,0.050000000000000002776,0,0,0,0,0,1,-360,360,152.56546367871365533,41.955001516968842168,-147.01072858377727925,-25.498783968046296877
178,179,0.049799999999999997047,0.18549999999999999822,0.029000000000000001471,0,0,0,0,0,1,-360,360,19.191911593734417352,-20.200581262706801766,-18.783479343117111426,19.075803135056840887
178,180,0.0061000000000000003872,0.029000000000000001471,0.084000000000000005218,0,0,0,0,0,1,-360,360,-215.10473581472089677,-101.57802580687315697,218.95222052771302401,112.05995883984351735
181,138,0.00040000000000000001917,0.020199999999999999206,0,0,0,0,0,0,1,-360,360,481.72455952651029065,20.894179045447408782,-480.82678465001595214,24.443452217505651447
181,187,0.00040000000000000001917,0.008300000000000000086,0.115000000000000005,0,0,0,0,0,1,-360,360,-647.18341803568739579,-71.986266134727586063,648.81762016633047097,93.874407408884835036
184,185,0.002500000000000000052,0.024500000000000000944,0.16400000000000000688,0,0,0,0,0,1,-360,360,-199.00360198218785968,1.935505802310188983,199.99999999998701128,-8.5693250470897250892
186,188,0.00069999999999999999289,0.0086000000000000000056,0.115000000000000005,0,0,0,0,0,1,-360,360,665.50494440212833069,67.59322582149287939,-662.53384467604109886,-43.129918463666761852
187,188,0.00069999999999999999289,0.0086000000000000000056,0.115000000000000005,0,0,0,0,0,1,-360,360,491.3823798336075015,65.194874265916752165,-489.74634462545083124,-57.125555785195182068
188,138,0.00040000000000000001917,0.020199999999999999206,0,0,0,0,0,0,1,-360,360,539.49876601586788638,29.373600686441957208,-538.37321535009834861,27.46670793491828988
189,208,0.033000000000000001554,0.09500000000000000111,0,0,0,0,0,0,1,-360,360,17.27905954058881477,2.8900125041458433195,-17.1807111880692851,-2.6068884590138696744
189,209,0.045999999999999999223,0.069000000000000005773,0,0,0,0,0,0,1,-360,360,-8.5880502691269668958,0.38390671729905123666,8.6210602037971142408,-0.3343918152938368249
190,231,0.00040000000000000001917,0.0022000000000000001325,6.2000000000000001776,0,0,0,0,0,1,-360,360,529.14217154379923613,-359.58938993584030186,-528.12645620386331302,-318.16323709897096705
190,240,0,0.027500000000000000139,0,0,0,0,0,0,1,-360,360,-33.094398592447944907,76.613078211432522835,33.094398592447952012,-74.877919004434019712
191,192,0.0030000000000000000625,0.048000000000000000999,0,0,0,0,0,0,1,-360,360,832.94207966368639973,331.20294297955246066,-813.02064258225004778,-12.459949676569937793
192,225,0.0020000000000000000416,0.00899999999999999932,0,0,0,0,0,0,1,-360,360,13.020642605821480586,-59.54005473566460438,-12.946026755680083653,59.875826061300898573
193,205,0.044999999999999998335,0.063000000000000000444,0,0,0,0,0,0,1,-360,360,26.230901114856919776,-4.3588886200965033524,-25.914084770584306483,4.8024315020781704888
193,208,0.048000000000000000999,0.12700000000000000178,0,0,0,0,0,0,1,-360,360,-5.1096652824898853851,-1.5718633354955571235,5.1233247446714020867,1.6080039958508212106
194,219,0.0030999999999999998911,0.028600000000000000422,0.5,0,0,0,0,0,1,-360,360,120.29199386837107966,-39.663910553631609446,-119.88191935542353406,-11.808452511364009752
194,664,0.0023999999999999997898,0.035499999999999996836,0.35999999999999998668,0,0,0,0,0,1,-360,360,-113.33508718806118054,42.994118979401584113,113.70000000123039285,-76.699999989703997016
195,219,0.0030999999999999998911,0.028600000000000000422,0.5,0,0,0,0,0,1,-360,360,15.829663310875687898,-49.019602850987794795,-15.809252215117256313,-5.7741097995058341397
196,197,0.014000000000000000291,0.040000000000000000833,0.0040000000000000000833,0,0,0,0,0,1,-360,360,-57.170098201064142529,-18.670513324562943325,57.675838452578773285,19.709513855006559169
196,210,0.02999999999999999889,0.081000000000000002554,0.010000000000000000208,0,0,0,0,0,1,-360,360,-15.521263553287925063,-6.3372221047453560772,15.60382477924411937,5.5514373385262105742
197,198,0.010000000000000000208,0.05999999999999999778,0.00899999999999999932,0,0,0,0,0,1,-360,360,-90.570297507567971707,-28.191689873920761755,91.440801965169498544,32.462561869005774895
197,211,0.014999999999999999445,0.040000000000000000833,0.0060000000000000001249,0,0,0,0,0,1,-360,360,-10.105540944752410937,-5.5178239814748808456,10.124352231240720812,4.9474336639241434099
198,202,0.33200000000000001732,0.68799999999999994493,0,0,0,0,0,0,1,-360,360,11.506132511638300642,-1.5317315042159038718,-11.093945297555789509,2.3859025984591784031
198,203,0.00899999999999999932,0.045999999999999999223,0.025000000000000001388,0,0,0,0,0,1,-360,360,72.606833953602858855,21.095731188436637638,-72.127842620584715405,-21.319992985519387929
198,210,0.020000000000000000416,0.072999999999999995448,0.0080000000000000001665,0,0,0,0,0,1,-360,360,90.207875019863166699,23.944422243602090816,-88.598708181709696419,-18.912339890143492482
198,211,0.034000000000000002442,0.10899999999999999967,0.032000000000000000666,0,0,0,0,0,1,-360,360,47.008634442816905619,6.5934322785178416382,-46.294582850353940273,-7.7012603179011147603
199,200,0.075999999999999998113,0.13500000000000000888,0.00899999999999999932,0,0,0,0,0,1,-360,360,-1.6731083906034598385,-3.5289412428813831113,1.6827545932676732932,2.6652029797724354765
199,210,0.040000000000000000833,0.10199999999999999345,0.0050000000000000001041,0,0,0,0,0,1,-360,360,-33.326891609395261185,-8.471058757014288787,33.811178758827693969,9.2081220540162149746
200,210,0.081000000000000002554,0.12800000000000000266,0.014000000000000000291,0,0,0,0,0,1,-360,360,-23.052663176174505111,1.1124387157629338496,23.492695372205165683,-1.8187556402327635929
201,204,0.12399999999999999911,0.182999999999999996,0,0,0,0,0,0,1,-360,360,4.6337267115211204782,2.9327716754817578781,-4.5958040864865727926,-2.8768052207936749554
203,211,0.010000000000000000208,0.058999999999999996891,0.0080000000000000001665,0,0,0,0,0,1,-360,360,30.127842620632421244,7.3199929860920942559,-30.035925353289229633,-7.6139070389537160111
204,205,0.045999999999999999223,0.068000000000000004885,0,0,0,0,0,0,1,-360,360,-26.28158589414884716,-0.5118486033215075004,26.612254604441748285,1.0006632185371011623
205,206,0.30199999999999999067,0.44600000000000000755,0,0,0,0,0,0,1,-360,360,-0.69816983400208032506,-0.80309472158579842116,0.70163613274666847275,0.80821382502979310924
206,207,0.072999999999999995448,0.092999999999999999334,0,0,0,0,0,0,1,-360,360,-7.7072063545208564506,-3.919765832015766005,7.7618937853376728242,3.9894361205906143653
206,208,0.23999999999999999112,0.42099999999999998535,0,0,0,0,0,0,1,-360,360,-4.9944297787186995308,1.1115520150158491042,5.0573864433306834343,-1.0011155325089935442
212,215,0.013899999999999999162,0.07779999999999999416,0.085999999999999993117,0,0,0,0,0,1,-360,360,-41.657326693003007279,27.777086904814069612,42.024633792279523448,-34.604707561333967192
213,214,0.002500000000000000052,0.037999999999999999056,0,0,0,0,0.98999999999999999112,0,1,-360,360,272.00000000000665068,71.465708544144092684,-270.19583887244800735,-44.042459405251278781
214,215,0.0016999999999999999053,0.018499999999999999084,0.020000000000000000416,0,0,0,0,0,1,-360,360,250.18466449013291708,46.823100129756312526,-249.12255303497113346,-37.317788417646639232
214,242,0.0015000000000000000312,0.010800000000000000572,0.0020000000000000000416,0,0,0,0,0,1,-360,360,-1.9888256177736221009,-18.780640723028099615,1.9939210639042124207,18.609216271789414066
215,216,0.00449999999999999966,0.024899999999999998523,0.025999999999999998807,0,0,0,0,0,1,-360,360,160.09791923912101197,45.922495976583029176,-158.86194119510381029,-41.673959766636826885
216,217,0.0040000000000000000833,0.049700000000000001121,0.01799999999999999864,0,0,0,0,0,1,-360,360,-17.138058802556919602,-63.326040216295368168,17.309510329928002648,63.63737504455369276
217,218,0,0.045600000000000001643,0,0,0,0,0,0,1,-360,360,17.463951375658780307,20.706572217142639403,-17.463951375658780307,-20.385708549021043012
217,219,0.00050000000000000001041,0.017700000000000000455,0.020000000000000000416,0,0,0,0,0,1,-360,360,-116.27600704800167364,-170.9744574701155102,116.47929446993117608,176.02267528475243807
217,220,0.0027000000000000001429,0.039500000000000000389,0.83199999999999996181,0,0,0,0,0,1,-360,360,-18.497454657516456678,11.630510204497044313,18.584667152006595359,-95.368828098502206103
219,237,0.00029999999999999997372,0.0017999999999999999507,5.2000000000000001776,0,0,0,0,0,1,-360,360,-62.38397459532377809,-244.43195565579119943,62.399547049738501414,-329.96529033700136324
220,218,0.0037000000000000001638,0.048399999999999998579,0.42999999999999999334,0,0,0,0,0,1,-360,360,32.129667294464368865,-47.540487085313678506,-32.066468377443499094,4.8324362923206978238
220,221,0.0010000000000000000208,0.029499999999999998446,0.50300000000000000266,0,0,0,0,0,1,-360,360,45.635926296337522956,-108.77949174230043639,-45.545271007197086988,59.874592986255812832
220,238,0.0016000000000000000767,0.0045999999999999999223,0.40200000000000002398,0,0,0,0,0,1,-360,360,-281.35026073899047105,91.839384347332668312,282.81611969920123784,-127.83666481085866451
221,223,0.00029999999999999997372,0.0012999999999999999403,1,0,0,0,0,0,1,-360,360,324.54527106993339203,157.28921072225043076,-324.11859424502131333,-260.07496296590039719
222,237,0.0013999999999999999858,0.051400000000000001243,0.33000000000000001554,0,0,0,1.0100000000000000089,0,1,-360,360,-77.99999999958318142,-165.24672327114734571,78.424504178723708492,147.10147231048034655
224,225,0.010000000000000000208,0.064000000000000001332,0.47999999999999998224,0,0,0,0,0,1,-360,360,-243.41738651317368181,62.286982212413263937,249.83507898741331132,-70.362804199590271992
224,226,0.0018999999999999999962,0.0080999999999999995615,0.85999999999999998668,0,0,0,0,0,1,-360,360,-33.589170481318383565,-173.18653305820285482,33.910269665595002664,83.989098164344753172
225,191,0.0010000000000000000208,0.060999999999999998668,0,0,0,0,0,0,1,-360,360,-646.88905234022581681,-29.51302624533578367,651.05792125993855279,283.81403034780862527
226,231,0.00050000000000000001041,0.021200000000000000094,0,0,0,0,0,0,1,-360,360,-33.910269658118671998,-83.989098307038460689,33.948815672798211551,85.623449329450522782
227,231,0.00089999999999999997537,0.047199999999999998901,0.18599999999999999867,0,0,0,0.98999999999999999112,0,1,-360,360,-234.99999999870428269,-119.13545640306557516,235.62028078375877271,132.34496228116654493
228,229,0.0018999999999999999962,0.0086999999999999994005,1.2800000000000000266,0,0,0,0,0,1,-360,360,-225.8791596905989536,-120.27347565618211434,226.83667421549353094,-12.964593739786300475
228,231,0.0025999999999999998807,0.09170000000000000373,0,0,0,0,0,0,1,-360,360,5.7422532255663991663,-18.718043408106389336,-5.7329048768959305349,19.047752474676336476
228,234,0.0012999999999999999403,0.028799999999999999212,0.81000000000000005329,0,0,0,0,0,1,-360,360,-2.8630935354103748125,-9.0084809388239506234,2.8774310043273687576,-76.242167363568896121
229,190,0,0.062600000000000002864,0,0,0,0,0,0,1,-360,360,21.047772912607413787,-15.486140976628725241,-21.047772912607413787,15.880397838283407452
231,232,0.00020000000000000000958,0.0068999999999999998834,1.3640000000000001013,0,0,0,0,0,1,-360,360,552.7439504922474498,22.996773437462469047,-552.17122408572743097,-152.36394797728158323
231,237,0.00010000000000000000479,0.00059999999999999994744,3.5699999999999998401,0,0,0,0,0,1,-360,360,-447.45368593082616826,-430.71956931173644989,447.68549453596557441,38.57255225570934698
232,233,0.0016999999999999999053,0.048500000000000001443,0,0,0,0,0,0,1,-360,360,104.17122408994517002,9.3639479573417450098,-103.99999999935405981,-4.4790253728308302428
234,235,0.00020000000000000000958,0.025899999999999999412,0.14399999999999998912,0,0,0,0,0,1,-360,360,8.5921584157195312059,86.45826725867820528,-8.5751349713219688908,-98.978655631297030482
234,237,0.00059999999999999994744,0.027199999999999998485,0,0,0,0,0,0,1,-360,360,14.641263488718980312,-104.68665645261606301,-14.577209034552135236,107.5904583748464205
235,238,0.00020000000000000000958,0.00059999999999999994744,0.80000000000000004441,0,0,0,0,0,1,-360,360,-260.42486503047325641,-58.021344397871523313,260.56136754070877259,-21.498648524407926175
241,237,0.00050000000000000001041,0.015400000000000000494,0,0,0,0,0.95000000000000006661,0,1,-360,360,575.42999999721700988,9.4272213072140722545,-573.93233672719793503,36.700807409374732515
240,281,0.00029999999999999997372,0.0043000000000000000028,0.00899999999999999932,0,0,0,0,0,1,-360,360,-33.094398592448200702,-30.276910286700875474,33.100000000001053024,29.400000000000147793
242,245,0.0082000000000000006911,0.085099999999999995093,0,0,0,0,0,0,1,-360,360,68.399518921866615528,28.75311508598948862,-67.966537728084119863,-24.259615135880824965
242,247,0.011199999999999999886,0.072300000000000003153,0,0,0,0,0,0,1,-360,360,99.606560014499564204,32.715382328437733861,-98.425791852472670485,-25.093102139639135828
243,244,0.012699999999999999484,0.035499999999999996836,0,0,0,0,0,0,1,-360,360,56.932260538557763141,26.273828030749523776,-56.456943503671794815,-24.9451859253595849
243,245,0.032599999999999997036,0.1804000000000000048,0,0,0,0,0,0,1,-360,360,19.067739461437895443,14.858493217052743063,-18.886395126283712642,-13.854980393070693623
244,246,0.019499999999999999972,0.055100000000000003142,0,0,0,0,0,0,1,-360,360,56.456943503676860985,24.945185925346539335,-55.727126009166916276,-22.882983671628672084
245,246,0.015699999999999998679,0.073200000000000001177,0,0,0,0,0,0,1,-360,360,19.862145016315107426,7.2799316232729340825,-19.790912091314009302,-6.9478137818665244296
245,247,0.03599999999999999728,0.21190000000000000502,0,0,0,0,0,0,1,-360,360,5.9907878381468062656,0.83466390586824401598,-5.9774340101015779325,-0.75606179023535857731
246,247,0.026800000000000000905,0.12850000000000000311,0,0,0,0,0,0,1,-360,360,-1.4819618995109844484,-3.1692025467061810673,1.4853448349459201783,3.1854229647430920558
247,248,0.042799999999999997768,0.12149999999999999689,0,0,0,0,0,0,1,-360,360,41.917881027674233962,-7.3362590333786368291,-41.125879825443639959,9.584580203262220266
248,249,0.035099999999999999256,0.10040000000000000313,0,0,0,0,0,0,1,-360,360,6.495788407763305905,-1.5078889442121041764,-6.4795909845474675137,1.5542200351200867736
249,250,0.061600000000000001976,0.18570000000000000395,0,0,0,0,0,0,1,-360,360,-22.520409015455499002,-15.554220035638069319,22.999999999998916422,17.000000000406139122
3,1,0,0.051999999999999997613,0,0,0,0,1.0400000000000000355,0,1,-360,360,21.183023499517400268,-38.666917530021194693,-21.183023499517432242,39.665324704064460093
3,2,0,0.051999999999999997613,0,0,0,0,1.0100000000000000089,0,1,-360,360,-43.725459617253946476,-16.37012378716640626,43.725459617253939371,17.426106281539478715
3,4,0,0.0050000000000000001041,0,0,0,0,0.95000000000000006661,0,1,-360,360,722.59295749219415939,44.447445025674639396,-722.59295749219438676,-22.849150323944726892
7,5,0,0.038999999999999999944,0,0,0,0,0.98999999999999999112,0,1,-360,360,71.136367137495042812,95.183917928218079396,-71.136367137495071233,-90.223962537147727403
7,6,0,0.038999999999999999944,0,0,0,0,1.0200000000000000178,0,1,-360,360,-41.664312298474179386,-35.008298763833685996,41.664312298474214913,36.112563140184136046
10,11,0,0.088999999999999995781,0,0,0,0,0.96999999999999997335,0,1,-360,360,-25.321731991924000482,-15.99257229842235617,25.321731991923996929,16.791089059206999679
12,10,0,0.052999999999999998501,0,0,0,0,1.0600000000000000533,0,1,-360,360,127.6782680084334487,32.749509924309613496,-127.6782680084334487,-23.25943209750927565
15,17,0.019400000000000000577,0.031099999999999999173,0,0,0,0,0.96999999999999997335,0,1,-360,360,240.83010849249416196,-6.3091925519612734874,-230.99999999691877406,22.067768542291265277
16,15,0.0010000000000000000208,0.037999999999999999056,0,0,0,0,0.98999999999999999112,0,1,-360,360,305.76424014415255215,153.27251029274148664,-304.77792308852201586,-115.79246217878220193
21,20,0,0.014000000000000000291,0,0,0,0,1,0,1,-360,360,530.00018963575530506,205.05065051116156383,-530.00018963575530506,-162.04749006493733532
24,23,0,0.064000000000000001332,0,0,0,0,1.0400000000000000355,0,1,-360,360,56.827341285252451542,-27.503497366288183201,-56.827341285252472858,29.93531441159782247
36,35,0,0.047000000000000000111,0,0,0,0,1.0400000000000000355,0,1,-360,360,114.03567435453356893,47.59191459864059226,-114.03567435453338419,-40.678423552113891049
45,44,0,0.020000000000000000416,0,0,0,0,1.0400000000000000355,0,1,-360,360,246.04441950016672536,55.468028978958152209,-246.04441950016672536,-43.60889184303304944
45,46,0,0.021000000000000001305,0,0,0,0,1.0300000000000000266,0,1,-360,360,-261.70932304396228574,-62.588523463613235265,261.70932304396222889,76.490826493660364349
62,61,0,0.058999999999999996891,0,0,0,0,0.98999999999999999112,0,1,-360,360,70.815152105043424058,114.46231920552764905,-70.815152105043438269,-105.45846458527678635
63,64,0,0.037999999999999999056,0,0,0,0,1.0100000000000000089,0,1,-360,360,-192.22769782681046991,-10.945600941287015218,192.22769782681038464,24.787836658772633314
73,74,0,0.024400000000000001549,0,0,0,0,0.96999999999999997335,0,1,-360,360,-272.83375229914065585,-87.150029231405710561,272.83375229914025795,105.95135149974956335
81,88,0,0.020000000000000000416,0,0,0,0,0.95000000000000006661,0,1,-360,360,197.35636693110544115,126.02505610964919924,-197.35636693110541273,-116.93077850706963261
85,99,0,0.048000000000000000999,0,0,0,0,1.0400000000000000355,0,1,-360,360,94.515770098106116848,-1.1167084344661208917,-94.515770098106017372,5.4423420517887732828
86,102,0,0.048000000000000000999,0,0,0,0,1.0500000000000000444,0,1,-360,360,35.387860268189960777,-24.683670242591652766,-35.387860268189960777,25.595233577998204311
87,94,0,0.045999999999999999223,0,0,0,0,1.0200000000000000178,0,1,-360,360,63.018651734732870295,-13.640826431487178994,-63.01865173473294135,15.501194065181705284
114,207,0,0.14899999999999999356,0,0,0,0,1.0100000000000000089,0,1,-360,360,-13.238106215028466295,-9.8009300505421617089,13.238106215028494717,10.210563841883582015
116,124,0.0051999999999999997613,0.017399999999999998801,0,0,0,0,0.97999999999999998224,0,1,-360,360,60.430619363042325176,-3.1675843661499460957,-60.243435006407416665,3.7939320210440206083
121,115,0,0.028000000000000000583,0,0,0,0,0.98999999999999999112,0,1,-360,360,56.152176118827355822,-3.0349639588927073142,-56.152176118827604512,3.8910627956832271046
122,157,0.00050000000000000001041,0.019499999999999999972,0,0,0,0,1.0200000000000000178,0,1,-360,360,-215.80389161184623958,-12.55158835924102867,216.03903710682814676,21.722262663535019556
130,131,0,0.01799999999999999864,0,0,0,0,1,0,1,-360,360,-48.36238781657136343,-85.721637078051514891,48.362387816571370536,87.392017792230106465
130,150,0,0.014000000000000000291,0,0,0,0,0.98999999999999999112,0,1,-360,360,-93.628072041417851779,-65.561227913643975285,93.628072041417809146,67.278500357409839694
132,170,0.0010000000000000000208,0.040199999999999999623,0,0,0,0,1.0400000000000000355,0,1,-360,360,108.04550036938790925,-3.3943095656381072622,-107.92328142015622916,8.3075113247534169147
141,174,0.0023999999999999997898,0.060299999999999999434,0,0,0,0,1.0200000000000000178,0,1,-360,360,84.302495347456144259,1.6057605031943800178,-84.133969504502175596,2.6284513010240555531
142,175,0.0023999999999999997898,0.049799999999999997047,-0.086999999999999994005,0,0,0,0.94000000000000005773,0,1,-360,360,164.01563286381261264,118.80259219170893914,-163.14558419924745181,-91.662524287852889415
143,144,0,0.083299999999999999045,0,0,0,0,0.93000000000000004885,0,1,-360,360,107.35416064541045955,48.320234972930713013,-107.35416064541045955,-39.039039125451886036
143,148,0.0012999999999999999403,0.037100000000000001033,0,0,0,0,0.97999999999999998224,0,1,-360,360,197.367386647980112,72.634313829882771074,-196.85411639074422396,-57.986370334919698166
145,180,0.00050000000000000001041,0.018200000000000000899,0,0,0,0,0.95000000000000006661,0,1,-360,360,289.01303314585027238,181.77353815384691416,-288.45222052725893036,-161.35995883712291743
151,170,0.0010000000000000000208,0.039199999999999998734,0,0,0,0,0.95999999999999996447,0,1,-360,360,169.3525992684586754,149.424101558622624,-168.8767185827734636,-130.76957867976298644
153,183,0.0027000000000000001429,0.063899999999999998468,0,0,0,0,1.0200000000000000178,0,1,-360,360,88.534792403810925521,11.316972671814843565,-88.334048247171253365,-6.566027631342246984
155,156,0.00080000000000000003834,0.025600000000000001227,0,0,0,0,1.0400000000000000355,0,1,-360,360,99.989918572015199061,37.706303372742105751,-99.897029065144280935,-34.733839152869769862
159,117,0,0.016000000000000000333,0,0,0,0,1.0300000000000000266,0,1,-360,360,-486.46780876004311267,22.34851199143891165,486.46780876004294214,17.594241654255547758
160,124,0.0011999999999999998949,0.039600000000000003253,0,0,0,0,1.0100000000000000089,0,1,-360,360,40.231851801601976604,-3.3803992349204641243,-40.212489891759190641,4.0193422597370442872
163,137,0.0012999999999999999403,0.038399999999999996636,-0.057000000000000002054,0,0,0,1.0200000000000000178,0,1,-360,360,228.54798351475403706,168.19814264933182812,-227.65307994884338427,-135.5360661397660067
164,155,0.00089999999999999997537,0.023099999999999999006,-0.033000000000000001554,0,0,0,1.0400000000000000355,0,1,-360,360,228.11110525647450231,65.791466770149355625,-227.64964388762075487,-50.385830492638127964
182,139,0.00029999999999999997372,0.013100000000000000533,0,0,0,0,1.0100000000000000089,0,1,-360,360,-83.11873213015201145,-116.02980126205557099,83.179736595992508796,118.6936629370868701
189,210,0,0.25200000000000000178,0,0,0,0,1.0200000000000000178,0,1,-360,360,-15.691009271646564116,-5.2739192209613534601,15.691009271646565892,5.97153613090498947
193,196,0,0.23699999999999998845,0,0,0,0,0.98999999999999999112,0,1,-360,360,-21.121235832362224016,5.930751960480410645,21.121235832362195595,-4.8175968743039190301
195,212,0.00080000000000000003834,0.036600000000000000588,0,0,0,0,1,0,1,-360,360,80.11024612394051303,57.847617741522313395,-80.038839616422933432,-54.580770022592375312
200,248,0,0.22000000000000000111,0,0,0,0,1.0500000000000000444,0,1,-360,360,-5.6300914184126309436,-15.777641686009886257,5.6300914184126291673,16.469236503308152919
201,69,0,0.098000000000000003775,0,0,0,0,1.0300000000000000266,0,1,-360,360,-45.633726710494691758,-16.932771675384998389,45.633726710494656231,19.437728594420196515
202,211,0,0.12800000000000000266,0,0,0,0,1.0200000000000000178,0,1,-360,360,-26.906054702443903182,-15.385902596623807881,26.906054702443931603,16.619373159304785759
204,2040,0.020000000000000000416,0.2039999999999999869,-0.01200000000000000025,0,0,0,1,0,1,-360,360,-41.122610018924035558,-20.611346159600476113,41.567868368067529161,26.373821517873064835
209,198,0.025999999999999998807,0.21099999999999999312,0,0,0,0,1.0200000000000000178,0,1,-360,360,-46.621060203984910686,-12.66560818135896227,47.229722106348390298,17.605133619770104048
211,212,0.0030000000000000000625,0.012200000000000000774,0,0,0,0,1,0,1,-360,360,-121.25312058620598066,-25.001963854566682244,121.69616630889477449,26.803683126834414452
218,219,0.0010000000000000000208,0.03540000000000000091,-0.010000000000000000208,0,0,0,0.98999999999999999112,0,1,-360,360,-81.469580249707789221,-80.446727754123415366,81.595851700896716352,85.991842664647037964
223,224,0.0011999999999999998949,0.019499999999999999972,-0.36399999999999999023,0,0,0,1,0,1,-360,360,-103.88140579831757293,28.074962891601323633,104.00655660787802503,11.899549122564428316
229,230,0.0010000000000000000208,0.033200000000000000344,0,0,0,0,1.0100000000000000089,0,1,-360,360,-343.88444712793864255,-17.549265288510795813,344.9999999998341309,54.585620635447938298
234,236,0.00050000000000000001041,0.016000000000000000333,0,0,0,0,1.0200000000000000178,0,1,-360,360,-598.11085291143740506,-149.52944345102460488,599.99999999997953637,209.98215028437135743
238,239,0.00050000000000000001041,0.016000000000000000333,0,0,0,0,1.0300000000000000266,0,1,-360,360,-548.37748723942866036,-71.276056020140330816,549.99999999999977263,123.19646435841752918
196,2040,0.00010000000000000000479,0.020000000000000000416,0,0,0,0,0.95999999999999996447,0,1,-360,360,41.570125921311472439,26.825332292779897614,-41.567868367436759058,-26.373821517909423306
119,1190,0.0010000000000000000208,0.022999999999999999611,0,0,0,0,1.0200000000000000178,0,1,-360,360,100.40646930668847858,31.388794054283387425,-100.30999999998111605,-29.170000000014450592
120,1200,0,0.022999999999999999611,0,0,0,0,1.0400000000000000355,0,1,-360,360,-100.00000001894584045,37.066708517454870275,100.00000001894579782,-34.170000054411566737
7002,2,0.0010000000000000000208,0.01460000000000000013,0,0,0,0,0.95000000000000006661,0,1,-360,360,622.99999999956276042,181.7168232299956685,-619.33366665771507087,-128.18835643901081767
7003,3,0,0.010540000000000000757,0,0,0,0,0.94000000000000005773,0,1,-360,360,1209.999999974594175,322.12606020298375142,-1209.9999999745939476,-178.14698093431468351
7061,61,0,0.02380000000000000171,0,0,0,0,0.97999999999999998224,0,1,-360,360,400.00000000087385388,130.73173158523653115,-400.00000000087385388,-92.780244562046050305
7062,62,0,0.032140000000000001901,0,0,0,0,0.95000000000000006661,0,1,-360,360,399.99999999785171667,105.96998171512672116,-399.99999999785160298,-60.752709396786620744
7166,166,0,0.015400000000000000494,0,0,0,0,0.95000000000000006661,0,1,-360,360,553.00000005516471902,232.52125801334173616,-553.00000005516449164,-188.40094168990364665
7024,24,0,0.028899999999999998607,0,0,0,0,0.97999999999999998224,0,1,-360,360,409.9999999994091695,73.484634649268514295,-409.9999999994091695,-30.429869005009678062
7001,1,0,0.01952999999999999875,0,0,0,0,0.96999999999999997335,0,1,-360,360,466.99999999960562036,198.35372780975882279,-466.99999999960556352,-153.53873772438285528
7130,130,0,0.019300000000000001182,0,0,0,0,0.95000000000000006661,0,1,-360,360,1292.000000005365564,517.26054124371194121,-1292.000000005365564,-201.15475986041491296
7011,11,0,0.019230000000000000565,0,0,0,0,0.98999999999999999112,0,1,-360,360,234.00000000002614797,66.656534824757187607,-234.00000000002614797,-55.839848245676471095
7023,23,0,0.022999999999999999611,0,0,0,0,0.98999999999999999112,0,1,-360,360,184.99999999997183409,57.883520704006009794,-184.99999999997177724,-50.101589328568167048
7049,49,0,0.012399999999999999564,0,0,0,0,0.98999999999999999112,0,1,-360,360,431.17413558421384323,0.21482186138704570388,-431.17413558421378639,21.026795142020056062
7139,139,0,0.016699999999999999567,0,0,0,0,1.0300000000000000266,0,1,-360,360,699.99999999966212272,286.94928615874965772,-699.99999999966212272,-201.19418429951147687
7012,12,0,0.031199999999999998568,0,0,0,0,0.95000000000000006661,0,1,-360,360,371.99999999737116241,186.70520356419984864,-371.99999999737116241,-141.38292916452056147
7017,17,0,0.016539999999999999147,0,0,0,0,0.95999999999999996447,0,1,-360,360,330.00000000041654857,268.13705506164097869,-330.00000000041637804,-242.06776857328998176
7039,39,0,0.031590000000000000024,0,0,0,0,0.91000000000000003109,0,1,-360,360,499.99999982981699986,170.48064502729056358,-499.99999982981699986,-100.64036505950677736
7057,57,0,0.053469999999999996698,0,0,0,0,1,0,1,-360,360,165.00000000024380142,34.228697762479484368,-165.00000000024382985,-20.316555593420996928
7044,44,0,0.18180999999999999939,0,0,0,0,0.96999999999999997335,0,1,-360,360,37.00000000083689855,18.484162513703697783,-37.000000000836912761,-15.695188485907184628
7055,55,0,0.19606999999999999429,0,0,0,0,0.97999999999999998224,0,1,-360,360,45.000000000697241376,20.216343843233964606,-45.000000000697241376,-15.921427413065320167
7071,71,0,0.068959999999999993525,0,0,0,0,1,0,1,-360,360,115.99999999970927433,57.191995230056825505,-115.99999999970927433,-46.130680505052808371
