37,9001,6.000000000000000152e-05,0.00046000000000000001391,0,0,0,75,0.95999999999999996447,0,1,-360,360,79.829696552980337287,51.359373258371689985,-79.824613340803665551,-51.320401965093850549
9001,9005,0.00080000000000000003834,0.0034800000000000000204,0,0,0,0,0,0,1,-360,360,36.370926832766876657,52.215223168423584355,-36.340452506546469635,-52.082659849364802085
9001,9006,0.024389999999999998487,0.43681999999999998607,0,0,0,0,0.97999999999999998224,0,1,-360,360,26.462418788238334599,-0.94680850466420252154,-26.30791269307859892,3.7139816283902762351
9001,9012,0.036240000000000001379,0.64898000000000000131,0,0,0,0,1.0200000000000000178,0,1,-360,360,16.991267701473798724,0.051987307233875013068,-16.88886506472707083,1.7818223836019422279
9005,9051,0.015779999999999998889,0.37486000000000002652,0,0,0,0,0.96999999999999997335,0,1,-360,360,36.182025099217682396,36.658177900000424643,-35.809999991321546986,-27.820577649940421594
9005,9052,0.015779999999999998889,0.37486000000000002652,0,0,0,0,0.97999999999999998224,0,1,-360,360,30.251069020231469153,28.964242042335946792,-29.999999982078595195,-22.999999986443263822
9005,9053,0.016019999999999999518,0.38046000000000002039,0,0,0,0,1,0,1,-360,360,27.907358395731492351,5.7712719336561946193,-27.784479288617013992,-2.8530081950311023675
9005,9054,0,0.15199999999999999623,0,0,0,0,1.0600000000000000533,0,1,-360,360,-49.999999986980149913,-20.142280866501653946,49.999999986980149913,24.829321668248979904
9005,9055,0,0.80000000000000004441,0,0,0,0,1,0,1,-360,360,-7.9999999983793115277,0.83124882879995509732,7.9999999983793115277,-0.34245624512006767048
9006,9007,0.055579999999999997462,0.24665999999999999037,0,0,0,0,0,0,1,-360,360,9.4789762875870380299,-0.96762235176668243142,-9.4336933861029574899,1.1685845770286984457
9006,9003,0.11118000000000000105,0.49331999999999998074,0,0,0,0,0,0,1,-360,360,8.4144682035990108204,-1.3731796384623771168,-8.3419435890996105343,1.6949807072233473715
9006,9003,0.11118000000000000105,0.49331999999999998074,0,0,0,0,0,0,1,-360,360,8.4144682035990108204,-1.3731796384623771168,-8.3419435890996105343,1.6949807072233473715
9012,9002,0.076219999999999996088,0.43286000000000002252,0,0,0,0,0,0,1,-360,360,6.5251307865887824278,-1.5970749035178248842,-6.4914308175910653276,1.7884599544277230976
9012,9002,0.076219999999999996088,0.43286000000000002252,0,0,0,0,0,0,1,-360,360,6.5251307865887824278,-1.5970749035178248842,-6.4914308175910653276,1.7884599544277230976
9002,9021,0.053699999999999997735,0.070260000000000003006,0,0,0,0,0,0,1,-360,360,7.3489357478559256265,2.5721683623628064375,-7.3171877531329032607,-2.5306299245743626436
9021,9023,1.106800000000000006,0.95277999999999996028,0,0,0,0,0,0,1,-360,360,0.95291370900950733702,0.34903442888308139347,-0.9416718515335421591,-0.33935696505406975909
9021,9022,0.44363999999999997881,2.8151999999999999247,0,0,0,0,1.0500000000000000444,0,1,-360,360,1.6142740441394103357,0.62159549568037808509,-1.5998397497007765811,-0.53000000000000546674
9002,9024,0.50748000000000004217,3.2202000000000001734,0,0,0,0,0.96999999999999997335,0,1,-360,360,1.4339258930819382964,0.53935098100611644778,-1.4229966850075981277,-0.47000000000000341505
9023,9025,0.66688000000000002832,3.9439999999999999503,0,0,0,0,0.97999999999999998224,0,1,-360,360,0.47178817762413544079,0.16965242147010672902,-0.47015607650091140179,-0.15999999999999856004
9023,9026,0.61129999999999995453,3.6152000000000001911,0,0,0,0,1.0300000000000000266,0,1,-360,360,0.46988367390926893963,0.16970454358410924645,-0.46824271697936975523,-0.15999999999999353628
9007,9071,0.44119999999999998108,2.9668000000000001037,0,0,0,0,1.1000000000000000888,0,1,-360,360,1.0705140426998775993,0.39206894353758775518,-1.0642578683877159662,-0.34999999986279689557
9007,9072,0.30792000000000002702,2.0569999999999999396,0,0,0,0,1.0500000000000000444,0,1,-360,360,1.0731803454538151321,0.37644808689447256667,-1.0692212326904000363,-0.34999999987724705885
9007,9003,0.055800000000000002376,0.24665999999999999037,0,0,0,0,0,0,1,-360,360,7.2899989963114277813,-1.9371016074015183772,-7.2613731679961084353,2.063640080739452376
9003,9031,0.73633000000000004004,4.6723999999999996646,0,0,0,0,0.96999999999999997335,0,1,-360,360,1.9769244877637031088,0.82137490099293408718,-1.9483413653699415136,-0.63999999969512710862
9003,9032,0.76978000000000001979,4.8845999999999998309,0,0,0,0,1.1000000000000000888,0,1,-360,360,1.4702432796478694943,0.6151469454406732762,-1.4489450329375974658,-0.4799999997146168762
9003,9033,0.75731999999999999318,4.8056000000000000938,0,0,0,0,1.0200000000000000178,0,1,-360,360,2.0207449483463864048,0.86767744293465076666,-1.9864409111069927238,-0.6499999996377134881
9003,9044,0.073779999999999998361,0.063519999999999993134,0,0,0,0,0,0,1,-360,360,4.4094551613123051936,1.570461176327010655,-4.3949029666412613437,-1.5579326400637332206
9044,9004,0.038319999999999999896,0.028940000000000000446,0,0,0,0,0,0,1,-360,360,4.3949029702879629511,1.5579326338590195888,-4.3873448230919667168,-1.5522245759296839918
9004,9041,0.366140000000000021,2.4559999999999999609,0,0,0,0,1.0300000000000000266,0,1,-360,360,1.0649900433271466405,0.38034559189714256533,-1.0604661283968082053,-0.34999999985883040177
9004,9042,1.0592999999999999083,5.4535999999999997812,0,0,0,0,1.0300000000000000266,0,1,-360,360,0.85797013172777025769,0.32432787041045785248,-0.84935994519627111554,-0.27999999986559026555
9004,9043,0.15670000000000000595,1.6994000000000000217,0,0,0,0,1.0300000000000000266,0,1,-360,360,1.6043846414913991438,0.56755112951986486092,-1.599999998658880429,-0.51999999978416611146
9003,9034,0.13006000000000000894,1.3911999999999999922,0,0,0,0,1.0100000000000000089,0,1,-360,360,1.6685824936141659958,-4.0173125407920258212,-1.6459813568111891779,4.2590678961688706039
9003,9035,0.54483999999999999098,3.4571999999999998288,0,0,0,0,1.0500000000000000444,0,1,-360,360,1.7644786805812966435,0.70382699588314401318,-1.7449640732154276801,-0.5799999997277947017
9003,9036,0.15426000000000000822,1.6729000000000000536,0,0,0,0,0.96999999999999997335,0,1,-360,360,3.0438338756337262048,1.1500239452011085106,-3.0299999980260450272,-0.99999999959043661679
9003,9037,0.3849000000000000199,2.5712000000000001521,0,0,0,0,1.0600000000000000533,0,1,-360,360,1.9711142192098081161,0.75590826838220737116,-1.9537631408773121766,-0.63999999971889465211
9003,9038,0.44119999999999998108,2.9668000000000001037,0,0,0,0,1.0200000000000000178,0,1,-360,360,2.7543677623997715465,1.1367120650848292485,-2.7176786147295612928,-0.88999999956356301567
9012,9121,0.23552000000000000712,0.99036000000000001808,0,0,0,0,0,0,1,-360,360,3.8386034922231413447,1.4123274238260965507,-3.7999999996784641354,-1.2499999999277167095
9053,9533,0,0.75,0,0,0,0,0.94000000000000005773,0,1,-360,360,1.3044792967468552547,0.42224959199243256025,-1.3044792967468579192,-0.40999999999998987255
1,5,0.0010000000000000000208,0.0060000000000000001249,0,0,0,0,0,0,1,-360,360,398.39010875660858346,75.92074074091559055,-396.66625609796545859,-65.57762478905655712
2,6,0.0010000000000000000208,0.00899999999999999932,0,0,0,0,0,0,1,-360,360,160.39509142650115336,64.813308609436944607,-160.0992003517612261,-62.150288936777528193
2,8,0.0060000000000000001249,0.026999999999999999695,0.053999999999999999389,0,0,0,0,0,1,-360,360,360.24093751444439704,36.923019023711219688,-352.44924906374023976,-7.1744396390943157016
3,7,0,0.0030000000000000000625,0,0,0,0,0,0,1,-360,360,266.87231497328542673,226.75157865278757185,-266.87231497328542673,-223.12262708366969832
3,19,0.0080000000000000001665,0.069000000000000005773,0.13900000000000001243,0,0,0,0,0,1,-360,360,138.52983962160624287,5.0475833922929087549,-137.0039891037866937,-5.7731816053164690672
3,150,0.0010000000000000000208,0.0070000000000000001457,0,0,0,0,0,0,1,-360,360,97.618701176347528303,-49.763916754229555295,-97.500279496494528075,50.592868513200471625
4,16,0.0020000000000000000416,0.018999999999999999528,1.1270000000000000018,0,0,0,0,0,1,-360,360,708.07356922844689961,-22.693309675977452855,-698.9395649285042964,-13.139188096610121548
5,9,0.0060000000000000001249,0.029000000000000001471,0.01799999999999999864,0,0,0,0,0,1,-360,360,112.7691294722759352,13.616735717702718844,-111.94203700198193019,-11.288330924155994595
7,12,0.0010000000000000000208,0.00899999999999999932,0.070000000000000006661,0,0,0,0,0,1,-360,360,181.36558074685652286,-66.289716306761420128,-180.99734216307334123,62.573660478455771283
7,131,0.0010000000000000000208,0.0070000000000000001457,0.014000000000000000291,0,0,0,0,0,1,-360,360,56.503061196334591898,227.20035228082457479,-55.951928397474773647,-224.71994729087242604
8,11,0.012999999999999999403,0.059499999999999997335,0.033000000000000001554,0,0,0,0,0,1,-360,360,7.0715876767771748135,17.812969553470423989,-7.0136971792453275398,-20.664360981665314654
8,14,0.012999999999999999403,0.042000000000000002609,0.081000000000000002554,0,0,0,0,0,1,-360,360,282.37766143502011573,-17.956898803366573958,-271.51600054493138714,45.482983247903227664
9,11,0.0060000000000000001249,0.026999999999999999695,0.012999999999999999403,0,0,0,0,0,1,-360,360,15.942037003913025472,-31.711669075304900645,-15.862057481435643425,30.86975469203764888
11,13,0.0080000000000000001665,0.034000000000000002442,0.01799999999999999864,0,0,0,0,0,1,-360,360,157.81453995739451557,42.48120081077632193,-155.51558826120862022,-34.342128081183709298
12,21,0.0020000000000000000416,0.014999999999999999445,0.11799999999999999378,0,0,0,0,0,1,-360,360,416.05855687232889295,53.731052909005057927,-412.55432398687020168,-39.167131254318057643
13,20,0.0060000000000000001249,0.034000000000000002442,0.016000000000000000333,0,0,0,0,0,1,-360,360,97.51558826168256644,24.342128081074989154,-96.825060466320223895,-21.816483500195403167
14,15,0.014000000000000000291,0.042000000000000002609,0.097000000000000002887,0,0,0,0,0,1,-360,360,111.51600053038592364,-105.48298323048825864,-108.03636040959794684,106.79851931976065771
15,37,0.06500000000000000222,0.24799999999999999822,0.12099999999999999645,0,0,0,0,0,1,-360,360,11.968399300109929584,-10.862937722587590272,-11.855669276493511433,-0.50450825931362930366
15,89,0.099000000000000004663,0.24799999999999999822,0.035000000000000003331,0,0,0,0,0,1,-360,360,12.999658972773167065,-2.7888043490064191587,-12.82593598928703571,-0.13701987599573950405
15,90,0.096000000000000001998,0.36299999999999998934,0.048000000000000000999,0,0,0,0,0,1,-360,360,8.9944115217887752323,-6.3219552441543882537,-8.8985382706057460922,1.9977843281265734721
16,42,0.0020000000000000000416,0.021999999999999998723,1.2800000000000000266,0,0,0,0,0,1,-360,360,400.94370118005031145,-53.194109612030885614,-397.94723058323302212,-50.394776353811757019
19,21,0.0020000000000000000416,0.01799999999999999864,0.03599999999999999728,0,0,0,0,0,1,-360,360,-42.951699200710002913,21.004214791648848859,42.999731117964486771,-24.103420335254067908
19,87,0.012999999999999999403,0.080000000000000001665,0.15099999999999999534,0,0,0,0,0,1,-360,360,179.95568829315854487,-15.231033185985195288,-175.67001546903500753,26.838936745115187676
20,22,0.016000000000000000333,0.033000000000000001554,0.014999999999999999445,0,0,0,0,0,1,-360,360,-19.931744157804693884,-9.3691227540641630611,20.020511942038915265,8.2629300766903295283
20,27,0.069000000000000005773,0.18599999999999999867,0.098000000000000003775,0,0,0,0,0,1,-360,360,22.095313731840480642,-8.7254399566057490034,-21.683899338136420454,1.5261338238033930192
21,24,0.0040000000000000000833,0.034000000000000002442,0.28000000000000002665,0,0,0,0,0,1,-360,360,-217.78391620558102204,-79.350845885291903414,219.90062648144444779,69.00950245731537791
22,23,0.051999999999999997613,0.11100000000000000144,0.050000000000000002776,0,0,0,0,0,1,-360,360,-101.0205119471396813,-31.262930067613119434,107.6596285259379755,40.634658017302719202
23,25,0.018999999999999999528,0.038999999999999999944,0.01799999999999999864,0,0,0,0,0,1,-360,360,129.69539867866114946,25.810579176171177807,-126.53548941032011044,-21.16216884769437101
24,319,0.0070000000000000001457,0.068000000000000004885,0.13400000000000000799,0,0,0,0,0,1,-360,360,116.74434630940267255,-28.976240339433843474,-115.79999999817309231,23.999999999664673567
25,26,0.03599999999999999728,0.070999999999999993672,0.034000000000000002442,0,0,0,0,0,1,-360,360,81.535489409728228338,9.1621688479430147822,-79.068912104178451727,-7.5362441754193181254
26,27,0.044999999999999998335,0.11999999999999999556,0.06500000000000000222,0,0,0,0,0,1,-360,360,48.586640237493597283,12.194719061827107964,-47.316100659795289118,-14.526133825335701744
26,320,0.042999999999999996558,0.13000000000000000444,0.014000000000000000291,0,0,0,0,0,1,-360,360,2.4822718692279943653,-13.658474887317934687,-2.4000000003897037359,12.60000000014070487
33,34,0,0.063000000000000000444,0,0,0,0,0,0,1,-360,360,-118.50894848766624534,-33.925613150027523091,118.50894848766621692,43.487538274253942916
33,38,0.002500000000000000052,0.01200000000000000025,0.012999999999999999403,0,0,0,0,0,1,-360,360,84.040256549682538889,22.365638979327091107,-83.850664160714558193,-22.75086025761813957
33,40,0.0060000000000000001249,0.029000000000000001471,0.020000000000000000416,0,0,0,0,0,1,-360,360,48.567158966304816659,9.3950580664200877834,-48.419319955488198559,-10.671188066730644906
33,41,0.0070000000000000001457,0.042999999999999996558,0.025999999999999998807,0,0,0,0,0,1,-360,360,-69.098466998074087542,-3.8350838912523887991,69.432749260183129536,3.2689202276705522365
34,42,0.0010000000000000000208,0.0080000000000000001665,0.042000000000000002609,0,0,0,0,0,1,-360,360,-118.5089484897339247,-43.487538278927836188,118.65894490448798138,40.25873460724251629
35,72,0.01200000000000000025,0.05999999999999999778,0.0080000000000000001665,0,0,0,0,0,1,-360,360,48.700772915223247139,9.542651737286645286,-48.393589137364386943,-8.7696983353563826569
35,76,0.0060000000000000001249,0.014000000000000000291,0.0020000000000000000416,0,0,0,0,0,1,-360,360,111.72723745152492825,-11.494218057347794115,-110.9430402362361292,13.131997039571801977
35,77,0.010000000000000000208,0.029000000000000001471,0.0030000000000000000625,0,0,0,0,0,1,-360,360,-44.245293707538081662,-17.748897378476293341,44.480266128126473291,18.137916629595295603
36,88,0.0040000000000000000833,0.026999999999999999695,0.042999999999999996558,0,0,0,0,0,1,-360,360,-116.18271670472381629,12.937277963997573238,116.70721286205900924,-13.903617975969195797
37,38,0.0080000000000000001665,0.047000000000000000111,0.0080000000000000001665,0,0,0,0,0,1,-360,360,50.933264330899397976,-20.415925125263150619,-50.688807979740055032,21.063412056183704379
37,40,0.021999999999999998723,0.064000000000000001332,0.0070000000000000001457,0,0,0,0,0,1,-360,360,39.102171103327279411,-20.375025257692971792,-38.668928870387937025,20.945969354096199311
37,41,0.010000000000000000208,0.03599999999999999728,0.020000000000000000416,0,0,0,0,0,1,-360,360,-45.221228196331367144,-34.649291003859474358,45.545511064782942867,33.822602958058524791
37,49,0.017000000000000001221,0.081000000000000002554,0.048000000000000000999,0,0,0,0,0,1,-360,360,-202.20072849065422815,-8.0567606941889309269,209.29736108793380822,36.909442565716219065
37,89,0.10199999999999999345,0.25400000000000000355,0.033000000000000001554,0,0,0,0,0,1,-360,360,2.3221455623177726935,3.2882779226220031354,-2.2914918950277933796,-6.3979875173490325935
37,90,0.047000000000000000111,0.12700000000000000178,0.016000000000000000333,0,0,0,0,0,1,-360,360,2.0903483823440627276,-2.6461408206410688138,-2.0865907288290284072,1.0857769853887706546
38,41,0.0080000000000000001665,0.036999999999999998168,0.020000000000000000416,0,0,0,0,0,1,-360,360,-106.37447448210191681,-6.0079809064780302919,107.28946021439256242,8.2343158862850316382
38,43,0.032000000000000000666,0.086999999999999994005,0.040000000000000000833,0,0,0,0,0,1,-360,360,85.913946719887263725,-10.304570899237731396,-83.509487653509935967,12.943585701131121724
39,42,0.00059999999999999994744,0.0064000000000000003067,0.40400000000000002576,0,0,0,0,0,1,-360,360,499.9999998402337269,95.114971528285835234,-498.53376792095104975,-122.66212021663420728
40,48,0.025999999999999998807,0.153999999999999998,0.021999999999999998723,0,0,0,0,0,1,-360,360,41.088248835820266436,10.725218707657360184,-40.607986557349420309,-9.9989649664277777674
41,42,0,0.029000000000000001471,0,0,0,0,0,0,1,-360,360,-186.3162631154178257,-72.025043919272761173,186.3162631154178257,83.437546418797808201
41,49,0.06500000000000000222,0.19100000000000000311,0.020000000000000000416,0,0,0,0,0,1,-360,360,-75.337059951929930435,11.689321971836253766,79.079041342840625362,-2.7943444493698401665
41,51,0.030999999999999999778,0.088999999999999995781,0.03599999999999999728,0,0,0,0,0,1,-360,360,-46.614397507181763558,15.009882911536520211,47.365400033582886863,-16.50585566394339665
42,46,0.0020000000000000000416,0.014000000000000000291,0.80600000000000004974,0,0,0,0,0,1,-360,360,591.50579037031377538,49.360615541024934316,-584.73812392981710673,-85.623555752243134975
43,44,0.025999999999999998807,0.07199999999999999456,0.035000000000000003331,0,0,0,0,0,1,-360,360,10.560169508784063908,-25.254235569685040019,-10.37892547947626376,22.354359645747390317
43,48,0.09500000000000000111,0.26200000000000001066,0.032000000000000000666,0,0,0,0,0,1,-360,360,-2.823548329532261203,3.595876863777523802,2.8575474107292588855,-6.5321556251249415226
43,53,0.012999999999999999403,0.038999999999999999944,0.016000000000000000333,0,0,0,0,0,1,-360,360,36.77286647168163114,-0.28522698093162296429,-36.58924115073195793,-0.68814350236754695533
44,47,0.026999999999999999695,0.084000000000000005218,0.038999999999999999944,0,0,0,0,0,1,-360,360,117.67508906402284197,-4.0891063269829217575,-113.88334766270196496,12.134278283047178704
44,54,0.028000000000000000583,0.084000000000000005218,0.036999999999999998168,0,0,0,0,0,1,-360,360,-20.96339922054869831,17.905359858728569833,21.198653032196588697,-20.810794091129455552
45,60,0.0070000000000000001457,0.041000000000000001721,0.31199999999999999956,0,0,0,0,0,1,-360,360,-226.2119281034682956,63.255788050833942293,230.00784418065535419,-73.748748182285069674
45,74,0.00899999999999999932,0.053999999999999999389,0.41099999999999997646,0,0,0,0,0,1,-360,360,251.81017952012919636,14.84645382361632393,-246.31815202675909404,-24.136927363165938232
46,81,0.0050000000000000001041,0.042000000000000002609,0.68999999999999994671,0,0,0,0,0,1,-360,360,314.80710811140710348,-52.158418922176572607,-309.91723783243304524,23.092713523043673973
47,73,0.051999999999999997613,0.14499999999999999001,0.072999999999999995448,0,0,0,0,0,1,-360,360,23.373417973377307533,-24.098391755448218987,-22.833197955800986989,18.622619546688394365
47,113,0.042999999999999996558,0.11799999999999999378,0.012999999999999999403,0,0,0,0,0,1,-360,360,32.5099297137443628,0.16411348353761040508,-32.024840696318264577,-0.033355684907451776944
48,107,0.025000000000000001388,0.061999999999999999556,0.0070000000000000001457,0,0,0,0,0,1,-360,360,-3.24956085145218454,-2.468879398678023751,3.2536046170244055098,1.8220147801167505541
49,51,0.030999999999999999778,0.094000000000000000222,0.042999999999999996558,0,0,0,0,0,1,-360,360,113.19121140104242329,4.6714474841878450562,-109.52251567972757584,1.9341634160165570577
51,52,0.036999999999999998168,0.10899999999999999967,0.049000000000000001887,0,0,0,0,0,1,-360,360,67.157115591483389494,9.5716922677746953951,-65.46005739786551203,-9.3745239821886841014
52,55,0.026999999999999999695,0.080000000000000001665,0.03599999999999999728,0,0,0,0,0,1,-360,360,4.4600574024527137595,-18.625476004053190593,-4.3725458317921201967,15.437577516854675608
53,54,0.025000000000000001388,0.072999999999999995448,0.035000000000000003331,0,0,0,0,0,1,-360,360,-32.410758810686729703,-2.3118564990528764902,32.687947551530164958,-0.22725491354013832579
54,55,0.035000000000000003331,0.10299999999999999434,0.047000000000000000111,0,0,0,0,0,1,-360,360,-63.886600588200913364,20.038049012812191307,65.546344078882370354,-19.702388472878222814
55,57,0.06500000000000000222,0.16900000000000001132,0.082000000000000003442,0,0,0,0,0,1,-360,360,-38.17379824137425004,9.6033735870538539103,39.273878981910122832,-14.735216610084147959
57,58,0.045999999999999999223,0.080000000000000001665,0.03599999999999999728,0,0,0,0,0,1,-360,360,-3.2740825914381805894,65.465696757558660579,5.4021557257834746935,-65.108993202077243723
57,63,0.15900000000000000244,0.53700000000000003286,0.070999999999999993672,0,0,0,0,0,1,-360,360,31.000203626870153073,-10.629432390931464525,-29.356784194296555057,9.1891337124556429217
58,59,0.00899999999999999932,0.025999999999999998807,0.0050000000000000001041,0,0,0,0,0,1,-360,360,-19.402155669811840255,64.108993203529081484,19.864580453551560879,-63.205038767998786398
59,61,0.0020000000000000000416,0.012999999999999999403,0.014999999999999999445,0,0,0,0,0,1,-360,360,-237.86458035741259209,-42.794961232151067065,239.23914827008439943,50.439763159303808493
60,62,0.00899999999999999932,0.06500000000000000222,0.48499999999999998668,0,0,0,0,0,1,-360,360,-230.00784418437919499,73.748748192659803635,235.44946987709690234,-83.246886584612525439
62,64,0.016000000000000000333,0.10499999999999999611,0.20300000000000001377,0,0,0,0,0,1,-360,360,199.0106788551084378,41.235617234317764712,-192.08647697532316556,-14.359362169074286086
62,144,0.0010000000000000000208,0.0070000000000000001457,0.012999999999999999403,0,0,0,0,0,1,-360,360,-100.6992975209284964,39.403704691340422528,100.81966828611828646,-39.82709471823713443
63,526,0.026499999999999999251,0.17199999999999998623,0.025999999999999998807,0,0,0,0,0,1,-360,360,151.44326133669528645,2.4290929114301085256,-145.3000000012063424,34.900000000126119915
69,211,0.050999999999999996725,0.23200000000000001177,0.028000000000000000583,0,0,0,0,0,1,-360,360,-24.03764899590388282,-0.65293837197881732237,24.354957963112838115,-0.54087595863262227791
69,79,0.050999999999999996725,0.15700000000000000067,0.022999999999999999611,0,0,0,0,0,1,-360,360,-20.000473533526768932,-10.109480396313410111,20.264840649840035525,8.7280402151114095943
70,71,0.032000000000000000666,0.10000000000000000555,0.061999999999999999556,0,0,0,0,0,1,-360,360,-84.380368971093844266,1.2367578249817379188,87.032888090500776457,1.5438628742277693551
70,528,0.020000000000000000416,0.1233999999999999958,0.028000000000000000583,0,0,0,0,0,1,-360,360,28.380368969802518109,-21.236757818505036965,-28.099999980220729867,20.499999995255109297
71,72,0.03599999999999999728,0.13100000000000000533,0.068000000000000004885,0,0,0,0,0,1,-360,360,-24.890621821634919542,-5.8122848886978744076,25.136934096035524533,0.38962599554548532632
71,73,0.034000000000000002442,0.099000000000000004663,0.047000000000000000111,0,0,0,0,0,1,-360,360,-62.142266237130229456,-8.4475330133603314664,63.590129992247526047,8.2179872841812695583
72,77,0.01799999999999999864,0.086999999999999994005,0.010999999999999999362,0,0,0,0,0,1,-360,360,-47.799334878934111259,-13.54203921854952597,48.268135853645297573,14.748228737282026657
72,531,0.025600000000000001227,0.19300000000000000488,0,0,0,0,0,0,1,-360,360,14.055989925218192127,2.9221115585540982096,-13.99999999827129038,-2.4999999999309672205
73,76,0.021000000000000001305,0.057000000000000002054,0.02999999999999999889,0,0,0,0,0,1,-360,360,30.377624808490605091,5.5651006787938923637,-30.16833977520795429,-7.8929948941922445371
73,79,0.01799999999999999864,0.051999999999999997613,0.01799999999999999864,0,0,0,0,0,1,-360,360,-18.368011298237181705,1.6897060273664492591,18.431480889049741023,-3.2659284633413152577
74,88,0.0040000000000000000833,0.026999999999999999695,0.050000000000000002776,0,0,0,0,0,1,-360,360,-81.710227681921779208,-89.536184267630346767,82.283556707577957923,88.297173718527517394
74,562,0.028600000000000000422,0.20130000000000000671,0.37900000000000000355,0,0,0,0,0,1,-360,360,51.261834175209905595,-14.229934937819777474,-50.499999969550572132,-17.399999993324776426
76,77,0.016000000000000000333,0.042999999999999996558,0.0040000000000000000833,0,0,0,0,0,1,-360,360,-66.888619713681606527,-8.085336893617590448,67.648553612399140889,9.739774092035890618
77,78,0.0010000000000000000208,0.0060000000000000001249,0.0070000000000000001457,0,0,0,0,0,1,-360,360,-256.88134145599343583,-78.367902547074010045,257.61358748844901356,82.067192104192130842
77,80,0.014000000000000000291,0.070000000000000006661,0.037999999999999999056,0,0,0,0,0,1,-360,360,3.1364328159606018609,11.218274753140264011,-3.1106682475530931242,-14.793522358673918404
77,552,0.089099999999999998646,0.26760000000000000453,0.029000000000000001471,0,0,0,0,0,1,-360,360,-10.984969535220622916,-3.9585358932271494936,11.099999999434031039,1.3999999999874230827
77,609,0.078200000000000005618,0.21270000000000000018,0.021999999999999998723,0,0,0,0,0,1,-360,360,30.332922567908077838,0.48224423844780150983,-29.599999998319276528,-0.59999999998973096993
78,79,0.0060000000000000001249,0.021999999999999998723,0.010999999999999999362,0,0,0,0,0,1,-360,360,80.386412517185078741,22.701952978982813391,-79.965869679912799484,-22.248219647976636537
78,84,0,0.03599999999999999728,0,0,0,0,0,0,1,-360,360,-337.99999998428262415,-104.76914509195421488,337.99999998428256731,149.89002318194667396
79,211,0.099000000000000004663,0.375,0.050999999999999996725,0,0,0,0,0,1,-360,360,-6.7304518490292633004,2.7861078909391618907,6.8044512970376569427,-7.4373981057141822504
80,211,0.021999999999999998723,0.10699999999999999789,0.058000000000000002942,0,0,0,0,0,1,-360,360,-24.889331752571944634,7.7935223585820976311,25.056105335158886049,-12.549207935850798634
81,194,0.0035000000000000000729,0.033000000000000001554,0.53000000000000002665,0,0,0,0,0,1,-360,360,10.844779817386585918,-21.650741221259742986,-10.839767007675291666,-32.075788321935739589
81,195,0.0035000000000000000729,0.033000000000000001554,0.53000000000000002665,0,0,0,0,0,1,-360,360,100.08168855956381549,-84.439405081419181442,-99.62307936614327275,34.019181148095889
85,86,0.0080000000000000001665,0.064000000000000001332,0.12800000000000000266,0,0,0,0,0,1,-360,360,-90.228299100303971159,-40.248274223266356842,91.097814125609716029,35.789284278334157818
86,87,0.01200000000000000025,0.092999999999999999334,0.182999999999999996,0,0,0,0,0,1,-360,360,-119.77993931978949149,-11.45192425558800231,121.64535475310161416,8.5692769700059958637
86,323,0.0060000000000000001249,0.048000000000000000999,0.091999999999999998446,0,0,0,0,0,1,-360,360,-14.852113757234890912,18.478003216879674397,14.899999994773727607,-26.499999997082611003
89,91,0.047000000000000000111,0.11899999999999999467,0.014000000000000000291,0,0,0,0,0,1,-360,360,-29.082572113280875215,6.5350073926802032531,29.526318505981247853,-6.7507534709314791499
90,92,0.032000000000000000666,0.17399999999999998801,0.0240000000000000005,0,0,0,0,0,1,-360,360,-55.014870980705296688,-3.0835613189848967153,56.001361390424662545,6.0267101624192545017
91,94,0.10000000000000000555,0.25300000000000000266,0.030999999999999999778,0,0,0,0,0,1,-360,360,11.805869920920292415,19.614617220149661136,-11.198219005644963531,-20.86583646346411669
91,97,0.021999999999999998723,0.076999999999999999001,0.038999999999999999944,0,0,0,0,0,1,-360,360,96.267811619079395768,-14.794288411046974119,-94.111382576399293498,18.619599420786069999
92,103,0.018999999999999999528,0.14399999999999998912,0.017000000000000001221,0,0,0,0,0,1,-360,360,78.397533005779934001,12.769966830497534005,-77.234428875961668837,-5.6656645353546668531
92,105,0.017000000000000001221,0.091999999999999998446,0.01200000000000000025,0,0,0,0,0,1,-360,360,139.80110561491613907,19.172790010925343296,-136.52482354541155019,-2.6434094553965667984
94,97,0.27800000000000002487,0.42699999999999999067,0.042999999999999996558,0,0,0,0,0,1,-360,360,4.9228796798162939297,-16.93281879114114119,-4.0812285383519570914,14.392330765347196575
97,100,0.021999999999999998723,0.052999999999999998501,0.0070000000000000001457,0,0,0,0,0,1,-360,360,40.706211400622130725,-21.14157034589742068,-40.220312894069230936,21.648014736807912328
97,102,0.037999999999999999056,0.091999999999999998446,0.01200000000000000025,0,0,0,0,0,1,-360,360,37.604282891910600028,-6.26123032601346452,-37.023432913609546802,6.5418699821424910468
97,103,0.048000000000000000999,0.12199999999999999734,0.014999999999999999445,0,0,0,0,0,1,-360,360,-20.017883173098415028,-5.6091295143874795315,20.2333132614189104,4.7132461454138834256
98,100,0.0240000000000000005,0.064000000000000001332,0.0070000000000000001457,0,0,0,0,0,1,-360,360,-5.234552049995136791,35.601059076146476912,5.5531748725423550894,-35.432242594646048417
98,102,0.034000000000000002442,0.12099999999999999645,0.014999999999999999445,0,0,0,0,0,1,-360,360,6.5345520748386034526,24.452631818082462445,-6.3027783034058426637,-25.070643817275406917
99,107,0.052999999999999998501,0.13500000000000000888,0.017000000000000001221,0,0,0,0,0,1,-360,360,-52.112379834722901251,-1.072158374771364775,53.751880193322165269,3.7025201023209994844
99,108,0.0020000000000000000416,0.0040000000000000000833,0.0020000000000000000416,0,0,0,0,0,1,-360,360,-10.29326984174908155,51.313973899975550808,10.355873294460538503,-51.363984898970635129
99,109,0.044999999999999998335,0.35399999999999998135,0.043999999999999997446,0,0,0,0,0,1,-360,360,27.518627403753392002,-5.5795461346457146945,-27.123652956394849411,4.7968323555827083737
99,110,0.050000000000000002776,0.17399999999999998801,0.021999999999999998723,0,0,0,0,0,1,-360,360,41.615321209264649838,-9.5395153300815032082,-40.587146307127440537,11.191645998404551321
100,102,0.016000000000000000333,0.037999999999999999056,0.0040000000000000000833,0,0,0,0,0,1,-360,360,34.667138024238738581,13.784227857294512276,-34.432132953733507463,-13.602275495473298506
102,104,0.042999999999999996558,0.064000000000000001332,0.026999999999999999695,0,0,0,0,0,1,-360,360,43.492583108121543489,-12.70043146128326228,-42.557130570529075442,11.61143467710346755
103,105,0.018999999999999999528,0.061999999999999999556,0.0080000000000000001665,0,0,0,0,0,1,-360,360,25.00111561772224178,0.95241838902386666277,-24.879365280455743914,-1.3333780964296222393
104,108,0.075999999999999998113,0.13000000000000000444,0.043999999999999997446,0,0,0,0,0,1,-360,360,31.544272857704001467,-6.3783542715973142734,-30.695612008722982011,3.9084853981477705176
104,322,0.043999999999999997446,0.12399999999999999911,0.014999999999999999445,0,0,0,0,0,1,-360,360,2.4128576980300109334,-5.2330803940348937786,-2.3999999995740908254,3.899999999701506237
105,107,0.01200000000000000025,0.087999999999999994893,0.010999999999999999362,0,0,0,0,0,1,-360,360,62.092892117127206575,8.0494956203783498694,-61.605484795729495318,-5.5245348891749976872
105,110,0.15700000000000000067,0.4000000000000000222,0.047000000000000000111,0,0,0,0,0,1,-360,360,49.711296688616364747,-4.0727080644620521355,-45.695345275260223161,9.9798152444042766973
108,324,0.073999999999999996336,0.20799999999999999045,0.025999999999999998807,0,0,0,0,0,1,-360,360,25.239738982643444842,-1.9162029654411396606,-24.699999999485434898,1.1999999999621078217
109,110,0.070000000000000006661,0.18399999999999999689,0.021000000000000001305,0,0,0,0,0,1,-360,360,-8.6623105863159057805,7.223194476038679035,8.7736489129370518469,-8.7817605978883932494
109,113,0.10000000000000000555,0.27400000000000002132,0.030999999999999999778,0,0,0,0,0,1,-360,360,-5.785242108054481136,-2.714189807827936729,5.8248407122817855708,0.033355683546824888008
109,114,0.10899999999999999967,0.39300000000000001599,0.03599999999999999728,0,0,0,0,0,1,-360,360,10.871205675702361404,-9.3058370267390770891,-10.653827338314144413,6.8126630466222044546
110,112,0.14199999999999998734,0.40400000000000002576,0.050000000000000002776,0,0,0,0,0,1,-360,360,14.50884267936924843,-12.389700638539631328,-13.99690183243655639,9.362012757088034931
112,114,0.017000000000000001221,0.042000000000000002609,0.0060000000000000001249,0,0,0,0,0,1,-360,360,-5.6030981591807575981,-9.3620127552981191599,5.6241355703025508461,8.8586505914981348297
115,122,0.0035999999999999999015,0.019900000000000001021,0.0040000000000000000833,0,0,0,0,0,1,-360,360,64.449261920685700034,-42.480665769659886166,-64.226121222683460132,43.328188449643135982
116,120,0.0020000000000000000416,0.10489999999999999325,0.0010000000000000000208,0,0,0,0,0,1,-360,360,-60.098656136486418688,30.209962099685817805,60.193276903761493202,-25.340004751553031781
117,118,0.00010000000000000000479,0.0017999999999999999507,0.017000000000000001221,0,0,0,0,0,1,-360,360,-478.46035937953075745,125.19793856617735628,478.75853252188295528,-121.22341652164352865
118,119,0,0.02709999999999999909,0,0,0,0,0,0,1,-360,360,-566.67956326211719897,-490.95524693688082607,566.67956326211719897,677.32638774360475509
118,1201,0,0.61629999999999995897,0,0,0,0,0,0,1,-360,360,27.815784242296594186,-15.434364317522501153,-27.815784242296587081,23.063812391391827816
1201,120,0,-0.36969999999999997309,0,0,0,0,0,0,1,-360,360,27.815784290799989265,-23.063812397941930499,-27.815784290799992817,18.487133898199310522
118,121,0.0022000000000000001325,0.29149999999999998135,0,0,0,0,0,0,1,-360,360,46.005241575866165249,-22.386970064739745823,-45.934791253980414183,31.721637714599530966
119,120,0,0.033899999999999999578,0,0,0,0,0,0,1,-360,360,709.37749209518074167,448.92604051213601224,-709.37749209518074167,-238.25363027903421198
119,121,0,0.058200000000000001732,0,0,0,0,0,0,1,-360,360,553.51446955515848458,230.47993140524343403,-553.51446955515848458,-45.981257673613143311
122,123,0.080799999999999996825,0.23439999999999999725,0.029000000000000001471,0,0,0,0,0,1,-360,360,24.247946415641425943,0.90326368314347238453,-23.754286962019286022,-2.2202568221277725335
122,125,0.096500000000000002442,0.36690000000000000391,0.053999999999999999389,0,0,0,0,0,1,-360,360,18.46029706456151942,-6.8934170650971946515,-18.103522863825148193,3.0031814874392512849
123,124,0.03599999999999999728,0.1076000000000000012,0.11700000000000000677,0,0,0,0,0,1,-360,360,-58.903411039658415405,25.71006604102979054,60.630981533645936565,-31.259537305381979166
123,125,0.047600000000000003419,0.14139999999999999791,0.14899999999999999356,0,0,0,0,0,1,-360,360,4.6576980894252093535,-24.889809208165150523,-4.4797766971259846969,11.285959152063639976
125,126,0.00059999999999999994744,0.019699999999999998762,0,0,0,0,0,0,1,-360,360,-492.21669960849271774,100.3247976750384538,493.77415584378150015,-49.188317949722360822
126,127,0.0058999999999999998626,0.040500000000000001277,0.25,0,0,0,0,0,1,-360,360,-93.995480111040535576,21.857341148695876853,94.615701210326434989,-41.134046174198388712
126,129,0.011499999999999999806,0.11060000000000000386,0.18499999999999999778,0,0,0,0,0,1,-360,360,-130.64082397212814612,13.784304503543973297,132.77158825833424771,-10.869185859602477962
126,132,0.019800000000000001626,0.1688000000000000056,0.32100000000000000755,0,0,0,0,0,1,-360,360,-164.72653812086565495,-2.5522404896434593979,170.42390932362451395,18.979558638790983593
126,157,0.0050000000000000001041,0.050000000000000002776,0.33000000000000001554,0,0,0,0,0,1,-360,360,-28.235837995986955207,-2.4573626177639447121,28.287037742513497562,-28.167405962824236809
126,158,0.007700000000000000247,0.0538000000000000006,0.33500000000000001998,0,0,0,0,0,1,-360,360,-46.948981359762193222,-9.2428301179877916383,47.131488313732042172,-21.272956142086034248
126,169,0.016500000000000000777,0.11569999999999999729,0.1710000000000000131,0,0,0,0,0,1,-360,360,-87.12649381503140944,22.699105473498072172,88.611999292465100098,-28.244935964337393841
127,128,0.0058999999999999998626,0.057700000000000001288,0.09500000000000000111,0,0,0,0,0,1,-360,360,-170.81495168077540825,10.466423512107281724,172.67184244385933312,-1.2453107248412838004
127,134,0.0048999999999999998418,0.033599999999999997924,0.20799999999999999045,0,0,0,0,0,1,-360,360,-134.48823472057281947,-16.782810093851331601,135.4396091576772676,3.6667056936372706133
127,168,0.0058999999999999998626,0.057700000000000001288,0.09500000000000000111,0,0,0,0,0,1,-360,360,-170.11251469310812467,10.450432760362476259,171.95424984520462885,-1.3768201760476161954
128,130,0.007799999999999999642,0.077299999999999993716,0.12600000000000000089,0,0,0,0,0,1,-360,360,-235.77499011463442002,-41.145363562944112346,240.45220328706514579,74.754592340477969969
128,133,0.0025999999999999998807,0.019300000000000001182,0.02999999999999999889,0,0,0,0,0,1,-360,360,63.103147630504196286,42.390674289527538576,-62.941237574313468883,-44.001917592603959406
129,130,0.0075999999999999999847,0.075200000000000002953,0.12199999999999999734,0,0,0,0,0,1,-360,360,-233.61889058286428167,-41.92972795400901731,238.08175457536259501,73.725776940570696638
129,133,0.0020999999999999998702,0.018599999999999998479,0.02999999999999999889,0,0,0,0,0,1,-360,360,100.84730225151821514,52.798913813971012132,-100.55799015674557495,-53.055501973872900123
130,132,0.0016000000000000000767,0.016400000000000001382,0.025999999999999998807,0,0,0,0,0,1,-360,360,282.25785849733438226,40.995679617043045084,-281.04537582133809792,-31.335691744179140272
130,151,0.0016999999999999999053,0.016500000000000000777,0.025999999999999998807,0,0,0,0,0,1,-360,360,167.09135780362802848,65.59095822675082843,-166.57889419609071524,-63.377104561331186972
130,167,0.0079000000000000007716,0.079299999999999995492,0.12700000000000000178,0,0,0,0,0,1,-360,360,280.03457539980718138,108.13114988806782435,-273.30074436363054247,-53.095170447275698677
130,168,0.007799999999999999642,0.078399999999999997469,0.125,0,0,0,0,0,1,-360,360,237.5344581697362969,74.153182435135576611,-232.96615373868044685,-40.876940204641471155
133,137,0.0016999999999999999053,0.01170000000000000033,0.28899999999999997913,0,0,0,0,0,1,-360,360,-656.15351289648663169,-67.235379658732057351,664.09593711525553772,94.487905779416166752
133,168,0.0025999999999999998807,0.019300000000000001182,0.02999999999999999889,0,0,0,0,0,1,-360,360,-60.857419349537344999,-43.919897857668289021,61.011903853368089301,42.253760382440944454
133,169,0.0020999999999999998702,0.018599999999999998479,0.02999999999999999889,0,0,0,0,0,1,-360,360,115.56583244146830225,12.140583639998192567,-115.25937331385982532,-12.195345776799481285
133,171,0.00020000000000000000958,0.010099999999999999603,0,0,0,0,0,0,1,-360,360,764.9443275903047379,196.0721134349204533,-763.5999999284246087,-128.18356650997606039
134,135,0.0043000000000000000028,0.029299999999999999656,0.17999999999999999334,0,0,0,0,0,1,-360,360,-73.432315376513074057,26.11816239730875111,73.729563495748280388,-41.149481376162903246
134,184,0.003899999999999999821,0.038100000000000001921,0.25800000000000000711,0,0,0,0,0,1,-360,360,-62.007293793026320827,-29.784868091218029917,62.176903986685950088,6.5783481920258761733
135,136,0.0091000000000000004496,0.06230000000000000121,0.38500000000000000888,0,0,0,0,0,1,-360,360,-242.92956347855317745,-0.45051861811086224563,248.66746671763206677,2.6002209008571925963
136,137,0.012500000000000000694,0.088999999999999995781,0.54000000000000003553,0,0,0,0,0,1,-360,360,63.042296506770810538,-23.067384110650827722,-62.537867910538778915,-26.186923596523882907
136,152,0.0055999999999999999431,0.038999999999999999944,0.95299999999999995826,0,0,0,0,0,1,-360,360,-366.90976325956597748,2.2671632131467771565,374.6775266283970609,-43.485297072091945836
137,140,0.0015000000000000000312,0.011400000000000000411,0.28399999999999997469,0,0,0,0,0,1,-360,360,340.75233146642682414,-6.9908980118101302637,-338.95452106411505611,-6.7253696111151004544
137,181,0.00050000000000000001041,0.0033999999999999998106,0.021000000000000001305,0,0,0,0,0,1,-360,360,-93.353974421257220229,-175.20051430873232334,93.555461036598686064,174.52191568121691034
137,186,0.00069999999999999999289,0.015100000000000000575,0.12600000000000000089,0,0,0,0,0,1,-360,360,-473.47903544213778559,42.048968783780466651,475.11499357727490178,-18.954244535304486163
137,188,0.00050000000000000001041,0.0033999999999999998106,0.021000000000000001305,0,0,0,0,0,1,-360,360,-426.4768876755070437,-37.582511663041316297,427.42213457984837532,41.967626675529210445
139,172,0.056199999999999999956,0.22479999999999999982,0.081000000000000002554,0,0,0,0,0,1,-360,360,19.882180159373771033,-11.637904252886738021,-19.605221856259245072,5.1643653447509247911
140,141,0.01200000000000000025,0.083599999999999993761,0.12299999999999999822,0,0,0,0,0,1,-360,360,-78.040937093433342397,-22.963048736380308412,78.839486796006639224,16.410958936896989258
140,142,0.015199999999999999969,0.11319999999999999507,0.6840000000000000524,0,0,0,0,0,1,-360,360,-6.3336950507010696398,-5.5189713972785670038,6.457994231121377382,-57.139809003612150207
140,145,0.046800000000000001321,0.33689999999999997726,0.51900000000000001688,0,0,0,0,0,1,-360,360,-12.419192677727249219,-6.361251870906740713,12.661925996198341693,-38.880837202245729145
140,146,0.042999999999999996558,0.30309999999999998055,0.46300000000000002265,0,0,0,0,0,1,-360,360,-45.949424994313901038,-23.712463015977803593,46.897164309970520435,-15.613061604582828323
140,147,0.048899999999999999023,0.34920000000000001039,0.53800000000000003375,0,0,0,0,0,1,-360,360,-61.970537867156394896,-33.096052547566898738,63.955964196947476808,-8.678579705920848042
140,182,0.0012999999999999999403,0.0088999999999999999251,0.11899999999999999467,0,0,0,0,0,1,-360,360,155.96830875889205004,-16.322842818411132271,-155.63701439752875899,7.1907248105822123563
141,146,0.029100000000000000866,0.22670000000000001261,0.3420000000000000262,0,0,0,0,0,1,-360,360,-33.836591315230712951,-15.457923440951452321,34.167103703462295528,-16.839448846555367112
142,143,0.0060000000000000001249,0.057000000000000002054,0.7670000000000000151,0,0,0,0,0,1,-360,360,-233.43434078214534111,-102.3297123734797367,237.37268750925096583,65.831905278498609846
143,145,0.0074999999999999997224,0.077299999999999993716,0.11899999999999999467,0,0,0,0,0,1,-360,360,120.60131541598595106,105.86462090027812621,-118.62364403554899184,-96.660742372020564517
143,149,0.012699999999999999484,0.090899999999999994693,0.13500000000000000888,0,0,0,0,0,1,-360,360,-28.253780722176259133,124.58964293540579149,30.491413919861621196,-120.97417728339681275
145,146,0.0085000000000000006106,0.058799999999999998102,0.086999999999999994005,0,0,0,0,0,1,-360,360,-150.4783555401666888,-119.37032682040273812,154.07300526194006807,136.05837624988723178
145,149,0.021799999999999999933,0.15110000000000001208,0.22300000000000000377,0,0,0,0,0,1,-360,360,-70.997041267515484719,19.921257992447603868,72.508586081122913924,-27.97339290970432657
146,147,0.0073000000000000000652,0.050400000000000000355,0.073999999999999996336,0,0,0,0,0,1,-360,360,-151.13727326005161444,-67.186603348145183645,153.04403580319862499,72.398442166523111041
148,178,0.052299999999999999267,0.15260000000000001341,0.073999999999999996336,0,0,0,0,0,1,-360,360,73.78760638653322701,-6.0126687701841259326,-70.348420655198253826,10.099764413529683793
148,179,0.13709999999999999964,0.39190000000000002611,0.075999999999999998113,0,0,0,0,0,1,-360,360,38.687055960826519652,-5.7255191644170677634,-36.201728608719115243,6.7349394070620780539
152,153,0.013700000000000000372,0.095699999999999993405,0.14099999999999998646,0,0,0,0,0,1,-360,360,-19.677526628068271464,23.272118527959392509,19.855082213158574689,-35.940423549118150959
153,161,0.0054999999999999996808,0.028799999999999999212,0.19000000000000000222,0,0,0,0,0,1,-360,360,103.79059356646871493,-54.282673128579716604,-103.05707330181503778,39.722221833417712844
154,156,0.1746000000000000052,0.3160999999999999921,0.040000000000000000833,0,0,0,0,0,1,-360,360,-20.191333733509036819,23.914859656718746805,22.294631384592740631,-23.499354667663343577
154,183,0.080399999999999999245,0.3054000000000000048,0.044999999999999998335,0,0,0,0,0,1,-360,360,-49.808666264764447362,5.6460633345795496751,52.112465302683652624,-1.0223761052883362233
155,161,0.010999999999999999362,0.056800000000000003264,0.38800000000000001155,0,0,0,0,0,1,-360,360,-67.391008963017441147,19.741123381133235171,68.057073301445143443,-54.722221833307948202
157,159,0.00080000000000000003834,0.0097999999999999996836,0.069000000000000005773,0,0,0,0,0,1,-360,360,-359.61772368741014816,-6.3646727834256626721,360.72022458073098505,13.368219459241604596
158,159,0.0028999999999999998002,0.028500000000000001027,0.19000000000000000222,0,0,0,0,0,1,-360,360,-84.514786271039213261,6.2998303863422613347,84.740140245565072519,-22.092916025863168272
158,160,0.0065999999999999999639,0.044799999999999999545,0.27700000000000002398,0,0,0,0,0,1,-360,360,37.383297982172315699,14.97312577556733082,-37.231164574815004187,-39.827329554917355381
162,164,0.0023999999999999997898,0.032599999999999997036,0.23599999999999998757,0,0,0,0,0,1,-360,360,462.12541634092997356,5.6056262924822686244,-457.14889190088746318,37.787081765342847461
162,165,0.0017999999999999999507,0.024500000000000000944,1.6619999999999999218,0,0,0,0,0,1,-360,360,-547.12541634239380528,-29.605626292592980064,552.40430751074677573,-70.792205448198487261
163,164,0.0044000000000000002651,0.051400000000000001243,3.5969999999999999751,0,0,0,0,0,1,-360,360,-223.26579414729090445,-15.974930309938747186,226.56022342400606817,-341.62114040819011507
165,166,0.00020000000000000000958,0.012300000000000000169,0,0,0,0,0,0,1,-360,360,-552.40430751256167241,70.792205448095032239,552.99999999683893748,-34.15711766505155822
167,169,0.0017999999999999999507,0.01779999999999999985,0.029000000000000001471,0,0,0,0,0,1,-360,360,-26.599255578706866743,-42.604829543397293889,26.647373967580723075,40.440281741721904041
172,173,0.066900000000000001132,0.48430000000000000826,0.063000000000000000444,0,0,0,0,0,1,-360,360,24.789172502883769056,3.9204887760139945918,-24.319921965964670818,-6.2076606382590577837
172,174,0.055800000000000002376,0.221000000000000002,0.030999999999999999778,0,0,0,0,0,1,-360,360,-31.683950664070192005,-9.0848541180835109543,32.311791648843282587,8.5294959298888279875
173,174,0.08069999999999999396,0.33310000000000000719,0.049000000000000001887,0,0,0,0,0,1,-360,360,-55.569966730163841362,-6.0146482918259716044,58.479764148211998531,13.420726871503116939
173,175,0.073899999999999993472,0.3070999999999999841,0.042999999999999996558,0,0,0,0,0,1,-360,360,-30.361055923481750085,2.1467570725720044322,31.166267098023752169,-2.5685131190617398467
173,176,0.17990000000000000435,0.50170000000000003482,0.069000000000000005773,0,0,0,0,0,1,-360,360,-53.249055367132150707,17.854478345371273207,60.082294567547478437,-5.0490618577371000342
175,176,0.090399999999999994249,0.36259999999999997788,0.048000000000000000999,0,0,0,0,0,1,-360,360,-55.575268808065068527,10.547746932344788107,58.869125988840444563,-1.759218102745015111
175,179,0.076999999999999999001,0.30919999999999997486,0.053999999999999999389,0,0,0,0,0,1,-360,360,17.799314885654471396,13.143735277672108808,-17.316973928971815866,-15.706363924233816221
176,177,0.025100000000000000783,0.082900000000000001465,0.047000000000000000111,0,0,0,0,0,1,-360,360,104.0485794487747313,-29.493304525043900099,-100.99576612225646954,35.100545624968994218
177,178,0.022200000000000000983,0.084699999999999997513,0.050000000000000002776,0,0,0,0,0,1,-360,360,156.99576621978488333,74.321086173745570136,-149.88571919583034742,-51.52274058995359951
178,179,0.049799999999999997047,0.18549999999999999822,0.029000000000000001471,0,0,0,0,0,1,-360,360,20.767753152971767605,-5.1695785479588272082,-20.481297466166502375,3.9849904962812958686
178,180,0.0061000000000000003872,0.029000000000000001471,0.084000000000000005218,0,0,0,0,0,1,-360,360,-227.93361326334732553,-127.00744519235382768,233.20624729686994669,145.08707368970377161
181,138,0.00040000000000000001917,0.020199999999999999206,0,0,0,0,0,0,1,-360,360,481.43198619603469979,-28.84150777078615846,-480.48448529585562028,76.690303229836047194
181,187,0.00040000000000000001917,0.008300000000000000086,0.115000000000000005,0,0,0,0,0,1,-360,360,-648.38744721435625706,-145.68040791343034357,650.17979445140292682,171.39747397447152366
184,185,0.002500000000000000052,0.024500000000000000944,0.16400000000000000688,0,0,0,0,0,1,-360,360,-198.97690398743620221,-23.178348190153226227,200.00000001326648658,17.082915921885490462
186,188,0.00069999999999999999289,0.0086000000000000000056,0.115000000000000005,0,0,0,0,0,1,-360,360,665.08500642191347652,-95.038708045892803966,-661.8236245564227147,123.93644385170109956
187,188,0.00069999999999999999289,0.0086000000000000000056,0.115000000000000005,0,0,0,0,0,1,-360,360,490.02020555187374384,183.38423814418766256,-488.11451350917769787,-171.41194536525654257
188,138,0.00040000000000000001917,0.020199999999999999206,0,0,0,0,0,0,1,-360,360,539.91600349803263725,-38.092125164104828627,-538.71551469206031015,98.71680986570682137
189,208,0.033000000000000001554,0.09500000000000000111,0,0,0,0,0,0,1,-360,360,20.395038901297489531,6.5040461224567831522,-20.240835722104755234,-6.0601278793261741384
189,209,0.045999999999999999223,0.069000000000000005773,0,0,0,0,0,0,1,-360,360,-11.023723509426258005,-13.31083718311773012,11.163831058291536991,13.520998506415645934
190,231,0.00040000000000000001917,0.0022000000000000001325,6.2000000000000001776,0,0,0,0,0,1,-360,360,528.45559160070388316,-189.85148175876508958,-527.28396022529238962,-423.0401910602650446
190,240,0,0.027500000000000000139,0,0,0,0,0,0,1,-360,360,-33.093991894886826799,26.668658867108106847,33.093991894886826799,-26.173690970900086228
191,192,0.0030000000000000000625,0.048000000000000000999,0,0,0,0,0,0,1,-360,360,836.31386288020303255,411.06023967774314087,-813.80683718918783143,-50.947828621501024315
192,225,0.0020000000000000000416,0.00899999999999999932,0,0,0,0,0,0,1,-360,360,13.806834742583792064,-21.052171701016778371,-13.792530887269368378,21.116539049931677852
193,205,0.044999999999999998335,0.063000000000000000444,0,0,0,0,0,0,1,-360,360,31.151735485711455453,13.388067297672790801,-30.605177523810212392,-12.622886151011039502
193,208,0.048000000000000000999,0.12700000000000000178,0,0,0,0,0,0,1,-360,360,-7.7275322121460376934,-0.49118970813271167764,7.7579357547090559422,0.57163241449736112987
194,219,0.0030999999999999998911,0.028600000000000000422,0.5,0,0,0,0,0,1,-360,360,124.1348592799781585,-14.860553434244716087,-123.65971035844427206,-31.069747242783357422
194,664,0.0023999999999999997898,0.035499999999999996836,0.35999999999999998668,0,0,0,0,0,1,-360,360,-113.29509226615768114,46.936341755641066698,113.69999996830499356,-76.699999988532923112
195,219,0.0030999999999999998911,0.028600000000000000422,0.5,0,0,0,0,0,1,-360,360,24.793615230634074464,57.856900754310501611,-24.566533040707401625,-106.99134566316499217
196,197,0.014000000000000000291,0.040000000000000000833,0.0040000000000000000833,0,0,0,0,0,1,-360,360,-55.59727939768449545,-19.753503602708967435,56.114183378872958485,20.847646906101697795
196,210,0.02999999999999999889,0.081000000000000002554,0.010000000000000000208,0,0,0,0,0,1,-360,360,-16.137784111311169966,-17.28564690810755522,16.310978623069637194,16.793723338378040211
197,198,0.010000000000000000208,0.05999999999999999778,0.00899999999999999932,0,0,0,0,0,1,-360,360,-88.080844516877519368,-61.853334923361877884,89.266149996555270718,68.046623661072530354
197,211,0.014999999999999999445,0.040000000000000000833,0.0060000000000000001249,0,0,0,0,0,1,-360,360,-11.033338853491429177,27.005688014570676359,11.167014255706188663,-27.227363270028288156
198,202,0.33200000000000001732,0.68799999999999994493,0,0,0,0,0,0,1,-360,360,13.453998109469905486,6.8905983627154441251,-12.744011946632872068,-5.4193017361133994925
198,203,0.00899999999999999932,0.045999999999999999223,0.025000000000000001388,0,0,0,0,0,1,-360,360,68.515016588476981951,54.627559227883381254,-67.855787870838000231,-53.851543235039414981
198,210,0.020000000000000000416,0.072999999999999995448,0.0080000000000000001665,0,0,0,0,0,1,-360,360,92.00924230000237003,39.870838804152242574,-90.120599612780267762,-33.795965248709627815
198,211,0.034000000000000002442,0.10899999999999999967,0.032000000000000000666,0,0,0,0,0,1,-360,360,46.705627044597783026,38.15604126567735932,-45.5057345861900302,-37.545877334875207509
199,200,0.075999999999999998113,0.13500000000000000888,0.00899999999999999932,0,0,0,0,0,1,-360,360,-1.9459996922614328785,1.3068772155649139854,1.9515579034268377701,-2.127368817228929565
199,210,0.040000000000000000833,0.10199999999999999345,0.0050000000000000001041,0,0,0,0,0,1,-360,360,-33.054000306008880727,-13.306877216054873614,33.601308083369424651,14.22708934411725501
200,210,0.081000000000000002554,0.12800000000000000266,0.014000000000000000291,0,0,0,0,0,1,-360,360,-23.319515211467550131,-7.3610123886736671395,23.836997519739625773,6.8487512115717077421
201,204,0.12399999999999999911,0.182999999999999996,0,0,0,0,0,0,1,-360,360,3.0381225308713779576,-5.4047349159441635535,-2.9813096214978846987,5.4885797741324626742
203,211,0.010000000000000000208,0.058999999999999996891,0.0080000000000000001665,0,0,0,0,0,1,-360,360,25.855787871190166527,39.85154323576331592,-25.628317536590778047,-39.293721981379384545
204,205,0.045999999999999999223,0.068000000000000004885,0,0,0,0,0,0,1,-360,360,-31.095735252579672192,-15.680595285285143348,31.750937585852788914,16.649155256210637077
205,206,0.30199999999999999067,0.44600000000000000755,0,0,0,0,0,0,1,-360,360,-1.1457600628880091342,0.9737308949800604907,1.1533266372052102255,-0.96255641767717425861
206,207,0.072999999999999995448,0.092999999999999999334,0,0,0,0,0,0,1,-360,360,-7.7765204312335525216,2.2649457519481099865,7.8296917889725401452,-2.1972068989381661197
206,208,0.23999999999999999112,0.42099999999999998535,0,0,0,0,0,0,1,-360,360,-5.3768062073632822973,-3.3023893346353014877,5.482899964482341737,3.4884954669149847994
212,215,0.013899999999999999162,0.07779999999999999416,0.085999999999999993117,0,0,0,0,0,1,-360,360,-43.612447093394628439,7.972053447113382596,43.916513451508521371,-14.291099613274759861
213,214,0.002500000000000000052,0.037999999999999999056,0,0,0,0,1.0100000000000000089,0,1,-360,360,271.99999999949011453,2.0168180827402792943,-270.09061710695607417,27.005801883776779704
214,215,0.0016999999999999999053,0.018499999999999999084,0.020000000000000000416,0,0,0,0,0,1,-360,360,249.22506473927774096,76.242337949808387521,-248.02544322154801648,-65.082401952802300116
214,242,0.0015000000000000000312,0.010800000000000000572,0.0020000000000000000416,0,0,0,0,0,1,-360,360,-1.1344476387295243658,-119.24813983290609087,1.3552199428324751551,120.64216849537640996
215,216,0.00449999999999999966,0.024899999999999998523,0.025999999999999998807,0,0,0,0,0,1,-360,360,157.10892976290097067,53.373501565900937749,-155.77054083581941768,-48.334719737674383566
216,217,0.0040000000000000000833,0.049700000000000001121,0.01799999999999999864,0,0,0,0,0,1,-360,360,-20.229459158231911431,-56.665280260677505453,20.3879917017653014,56.979532372271471274
217,218,0,0.045600000000000001643,0,0,0,0,0,0,1,-360,360,16.844384382694659763,18.652618810441403241,-16.844384382694663316,-18.349040556809097069
217,219,0.00050000000000000001041,0.017700000000000000455,0.020000000000000000416,0,0,0,0,0,1,-360,360,-116.5471896712294182,-139.45383393713373721,116.71986575547796861,143.61769525053597363
217,220,0.0027000000000000001429,0.039500000000000000389,0.83199999999999996181,0,0,0,0,0,1,-360,360,-20.685186409010025699,-11.178317246614581038,20.720140056579865018,-66.375325905055831299
219,237,0.00029999999999999997372,0.0017999999999999999507,5.2000000000000001776,0,0,0,0,0,1,-360,360,-49.323038804555373815,-75.314081123142827323,49.432677245296588353,-442.41864897797722733
220,218,0.0037000000000000001638,0.048399999999999998579,0.42999999999999999334,0,0,0,0,0,1,-360,360,33.485919881687237876,-26.496531266867922483,-33.439490577168271557,-12.879453787482230354
220,221,0.0010000000000000000208,0.029499999999999998446,0.50300000000000000266,0,0,0,0,0,1,-360,360,44.441935487984970621,-4.8945724777486931956,-44.416982291042970132,-40.745450735788232066
220,238,0.0016000000000000000767,0.0045999999999999999223,0.40200000000000002398,0,0,0,0,0,1,-360,360,-283.64799543871305332,20.141512502782877192,285.06146934705810736,-53.48889483198704653
221,223,0.00029999999999999997372,0.0012999999999999999403,1,0,0,0,0,0,1,-360,360,323.41698111695700391,-37.537655733095306232,-323.07426602806515348,-52.492057968540976276
222,237,0.0013999999999999999858,0.051400000000000001243,0.33000000000000001554,0,0,0,0.97999999999999998224,0,1,-360,360,-78.000000004582517477,-5.5076723369996525292,78.086766951218663735,-24.223696236755142053
224,225,0.010000000000000000208,0.064000000000000001332,0.47999999999999998224,0,0,0,0,0,1,-360,360,-239.8583634334337944,-1.8373136612370277732,246.78180360551823469,4.7415801708451610352
224,226,0.0018999999999999999962,0.0080999999999999995615,0.85999999999999998668,0,0,0,0,0,1,-360,360,-38.835524315658254579,-318.11309940821269038,40.679915965788239873,252.0418186548563142
225,191,0.0010000000000000000208,0.060999999999999998668,0,0,0,0,0,0,1,-360,360,-642.98927256705292166,-65.858119420895192775,647.68614537699102129,352.36736082712189955
226,231,0.00050000000000000001041,0.021200000000000000094,0,0,0,0,0,0,1,-360,360,-40.679917128988698494,-252.0418185233336601,41.048736209859562507,267.67974755225890249
227,231,0.00089999999999999997537,0.047199999999999998901,0.18599999999999999867,0,0,0,1,0,1,-360,360,-235.00000001260147542,-82.288765520327217473,235.60325153560438594,96.260245822842421148
228,229,0.0018999999999999999962,0.0086999999999999994005,1.2800000000000000266,0,0,0,0,0,1,-360,360,-226.35111866232060152,-128.44698180823917255,227.4134240971633858,5.0508689845232046522
228,231,0.0025999999999999998807,0.09170000000000000373,0,0,0,0,0,0,1,-360,360,5.7823447972160026964,-1.4345251027797605303,-5.7814143955108923123,1.4673396552253890057
228,234,0.0012999999999999999403,0.028799999999999999212,0.81000000000000005329,0,0,0,0,0,1,-360,360,-2.4312261333105635863,-18.118493091968026931,2.4376771621248072286,-61.569012167590742024
229,190,0,0.062600000000000002864,0,0,0,0,0,0,1,-360,360,20.361600040045583881,6.9895197836586149265,-20.361600040045583881,-6.7029004620323977548
231,232,0.00020000000000000000958,0.0068999999999999998834,1.3640000000000001013,0,0,0,0,0,1,-360,360,552.89793115936890899,-45.628924378792781624,-552.281995049424836,-68.473390454570932206
231,237,0.00010000000000000000479,0.00059999999999999994744,3.5699999999999998401,0,0,0,0,0,1,-360,360,-455.48454399122039149,-60.408745849769495351,455.70699892023867505,-293.10632618257130844
232,233,0.0016999999999999999053,0.048500000000000001443,0,0,0,0,0,0,1,-360,360,104.28199500633566288,-74.526609550163584572,-104.00000000761492913,82.571760984254879645
234,235,0.00020000000000000000958,0.025899999999999999412,0.14399999999999998912,0,0,0,0,0,1,-360,360,11.125400402550091883,84.910402206524665303,-11.107875744230769399,-96.403266300065965311
234,237,0.00059999999999999994744,0.027199999999999998485,0,0,0,0,0,0,1,-360,360,12.144313707326608309,-26.751321441444968485,-12.139025331938235297,26.991061125717923375
235,238,0.00020000000000000000958,0.00059999999999999994744,0.80000000000000004441,0,0,0,0,0,1,-360,360,-257.89212423086087256,-60.596733708484471492,258.03598583500104269,-13.597810124763331174
241,237,0.00050000000000000001041,0.015400000000000000494,0,0,0,0,1.0100000000000000089,0,1,-360,360,575.43000001588177383,-599.00607906233551603,-571.08741783354128074,732.75761027840906081
240,281,0.00029999999999999997372,0.0043000000000000000028,0.00899999999999999932,0,0,0,0,0,1,-360,360,-33.093991894885590455,-30.205321509535842495,33.099999999998097167,29.39999999999935909
242,245,0.0082000000000000006911,0.085099999999999995093,0,0,0,0,0,0,1,-360,360,69.331348710599698393,8.1742120465276677521,-68.927930096819125083,-3.9875139937560395431
242,247,0.011199999999999999886,0.072300000000000003153,0,0,0,0,0,0,1,-360,360,99.313431352017971676,8.862620505553502781,-98.189431497857057707,-1.6068000184253861118
243,244,0.012699999999999999484,0.035499999999999996836,0,0,0,0,0,0,1,-360,360,57.965699659343968619,41.573348605248874321,-57.36403786557779938,-39.891538079367052205
243,245,0.032599999999999997036,0.1804000000000000048,0,0,0,0,0,0,1,-360,360,18.034300340564495713,26.779421032812606995,-17.717918671577166378,-25.028646398293751929
244,246,0.019499999999999999972,0.055100000000000003142,0,0,0,0,0,0,1,-360,360,57.364037865660499449,39.891538079367308001,-56.44022645003347094,-37.281178643416062357
245,246,0.015699999999999998679,0.073200000000000001177,0,0,0,0,0,0,1,-360,360,19.543477179792031251,-1.8782419479502376891,-19.481017926314120103,2.1694532444204952526
245,247,0.03599999999999999728,0.21190000000000000502,0,0,0,0,0,0,1,-360,360,6.1023715885398672754,0.89440234001350349402,-6.0882386985766281384,-0.81121457936877594541
246,247,0.026800000000000000905,0.12850000000000000311,0,0,0,0,0,0,1,-360,360,-1.0787556235350215239,2.1117253989729736219,1.0803160074418929337,-2.1042437074792053053
247,248,0.042799999999999997768,0.12149999999999999689,0,0,0,0,0,0,1,-360,360,42.197354186782355612,-25.477741694515227522,-41.11516147820574929,28.549854173301614679
248,249,0.035099999999999999256,0.10040000000000000313,0,0,0,0,0,0,1,-360,360,6.4831187814138893089,-1.5460115434153267611,-6.4673842829819454536,1.5910184847990060941
249,250,0.061600000000000001976,0.18570000000000000395,0,0,0,0,0,0,1,-360,360,-22.532615717261140986,-15.591018484789595178,23.000000000182847515,17.000000000025970337
3,1,0,0.051999999999999997613,0,0,0,0,1,0,1,-360,360,21.390108764902553418,58.384501325429695839,-21.390108764902553418,-56.401443349793247251
3,2,0,0.051999999999999997613,0,0,0,0,0.98999999999999999112,0,1,-360,360,-42.484533842190501218,22.67525173801637095,42.484533842190522535,-21.509431170245314036
3,4,0,0.0050000000000000001041,0,0,0,0,0.95999999999999996447,0,1,-360,360,708.0735692601589335,0.094744951357439433082,-708.0735692601589335,22.693309674395976572
7,5,0,0.038999999999999999944,0,0,0,0,1,0,1,-360,360,69.102873372508327066,82.558147124074594103,-69.102873372508327066,-78.039110925583557332
7,6,0,0.038999999999999999944,0,0,0,0,1.0100000000000000089,0,1,-360,360,-40.099200350528356296,-20.346156011027872523,40.099200350528306558,21.150288937572312875
10,11,0,0.088999999999999995781,0,0,0,0,1.0300000000000000266,0,1,-360,360,-16.061214709273478718,37.682396054253850082,16.061214709273478718,-36.185624948989890015
12,10,0,0.052999999999999998501,0,0,0,0,0.95000000000000006661,0,1,-360,360,136.93878529206259032,60.753023114207096,-136.93878529206259032,-50.106298222299905376
15,17,0.019400000000000000577,0.031099999999999999173,0,0,0,0,1.0100000000000000089,0,1,-360,360,244.44960976511617901,-78.457012991624679898,-230.99999981096718216,100.01798565007997865
16,15,0.0010000000000000000208,0.037999999999999999056,0,0,0,0,1.0300000000000000266,0,1,-360,360,297.99586363624149499,66.333297707696388557,-297.0757191948802074,-31.367808935966600359
21,20,0,0.014000000000000000291,0,0,0,0,1.0500000000000000444,0,1,-360,360,510.33850908989154505,141.62139747205677054,-510.33850908989171558,-97.341526308031262715
24,23,0,0.064000000000000001332,0,0,0,0,1.0100000000000000089,0,1,-360,360,73.355027204916638084,-20.869111339175390185,-73.355027204916609662,24.499332099783256211
36,35,0,0.047000000000000000111,0,0,0,0,1.0500000000000000444,0,1,-360,360,116.18271672927271254,-12.937277973595689318,-116.18271672927262728,19.700463737658374441
45,44,0,0.020000000000000000416,0,0,0,0,1.0300000000000000266,0,1,-360,360,244.33276423229636976,40.702098907464133504,-244.33276423229645502,-28.433522628782171182
45,46,0,0.021000000000000001305,0,0,0,0,1.0500000000000000444,0,1,-360,360,-269.9310156275018926,-118.80434079032151828,269.93101562750160838,137.7819746686394069
62,61,0,0.058999999999999996891,0,0,0,0,1,0,1,-360,360,66.239148745546415853,92.778516492293533702,-66.239148745546415853,-84.919426427298489557
63,64,0,0.037999999999999999056,0,0,0,0,1.0800000000000000711,0,1,-360,360,-192.08647698714725038,2.1629781131057734811,192.08647698714719354,14.359362164183570698
73,74,0,0.024400000000000001549,0,0,0,0,1.0200000000000000178,0,1,-360,360,-276.7665455582094296,-105.09541347106072351,276.76654555820965697,127.9030465434793058
81,88,0,0.020000000000000000416,0,0,0,0,0.96999999999999997335,0,1,-360,360,198.99076954992577271,82.997432764858260157,-198.99076954992585797,-74.393555736929044997
85,99,0,0.048000000000000000999,0,0,0,0,0.96999999999999997335,0,1,-360,360,90.228299116040602712,40.248274221766848768,-90.228299116040545869,-35.122753949158521891
86,102,0,0.048000000000000000999,0,0,0,0,1.0200000000000000178,0,1,-360,360,43.534238939656340506,-42.815363241569677655,-43.534238939656376033,44.831480795343857437
87,94,0,0.045999999999999999223,0,0,0,0,1.1000000000000000888,0,1,-360,360,54.024660645179103824,-35.408213714257172455,-54.024660645179110929,37.798655259558280761
114,207,0,0.14899999999999999356,0,0,0,0,1.0400000000000000355,0,1,-360,360,-13.170308216831278614,-15.671313641745376444,13.17030821683131947,16.397206896516216545
116,124,0.0051999999999999997613,0.017399999999999998801,0,0,0,0,1.0300000000000000266,0,1,-360,360,60.098656075870394488,-30.209962088426628668,-59.837826619797574779,31.082737576055162521
121,115,0,0.028000000000000000583,0,0,0,0,1.0200000000000000178,0,1,-360,360,64.449261733654765294,-40.740379932396763252,-64.449261733654793716,42.480665785658274558
122,157,0.00050000000000000001041,0.019499999999999999972,0,0,0,0,1.0300000000000000266,0,1,-360,360,-207.58212153648671006,-49.138034976206114379,207.83068675804909731,58.832078617133085174
130,131,0,0.01799999999999999864,0,0,0,0,1.1000000000000000888,0,1,-360,360,-55.951928464840307242,-214.74301282102450728,55.951928464840314348,224.71994728916325812
130,150,0,0.014000000000000000291,0,0,0,0,1.0200000000000000178,0,1,-360,360,-97.500279505166218996,52.25077203497475864,97.500279505166247418,-50.592868516751643426
132,170,0.0010000000000000000208,0.040199999999999999623,0,0,0,0,0.98999999999999999112,0,1,-360,360,110.62146645704349623,12.356133097990806391,-110.50627306962961427,-7.7253589239547739709
141,174,0.0023999999999999997898,0.060299999999999999434,0,0,0,0,0.97999999999999998224,0,1,-360,360,90.997104520510674774,27.114634350058569368,-90.791555802268334219,-21.950222804219084338
142,175,0.0023999999999999997898,0.049799999999999997047,-0.086999999999999994005,0,0,0,0.94000000000000005773,0,1,-360,360,170.47634650726698169,134.96952138255971931,-169.39031315122161914,-104.12296907477916363
143,144,0,0.083299999999999999045,0,0,0,0,1.0600000000000000533,0,1,-360,360,100.81966825876658334,-29.757423333389759534,-100.81966825876655491,39.827094717266028567
143,148,0.0012999999999999999403,0.037100000000000001033,0,0,0,0,1.1000000000000000888,0,1,-360,360,175.96010938821368086,27.115725359360741464,-175.47466229196908216,-13.261812074226577707
145,180,0.00050000000000000001041,0.018200000000000000899,0,0,0,0,0.94000000000000005773,0,1,-360,360,303.43711475759101859,220.99064840966374845,-302.70624732011708602,-194.38707368560648092
151,170,0.0010000000000000000208,0.039199999999999998734,0,0,0,0,0.96999999999999997335,0,1,-360,360,166.57889420537949832,63.3771045598968783,-166.2937269173486925,-52.19854686908982444
153,183,0.0027000000000000001429,0.063899999999999998468,0,0,0,0,1,0,1,-360,360,92.354324223370156233,8.7016183336098560375,-92.112465303378300518,-2.9776238938021974967
155,156,0.00080000000000000003834,0.025600000000000001227,0,0,0,0,1.1000000000000000888,0,1,-360,360,97.3995199964608247,37.322982685949533277,-97.294631398284280976,-33.966547544297604588
159,117,0,0.016000000000000000333,0,0,0,0,1.0800000000000000711,0,1,-360,360,-478.46035967953764612,-7.775303352238715604,478.46035967953770296,52.940064046512461005
160,124,0.0011999999999999998949,0.039600000000000003253,0,0,0,0,0.98999999999999999112,0,1,-360,360,37.231164888496138587,39.827329511285839203,-37.193154492225339425,-38.572986434348884188
163,137,0.0012999999999999999403,0.038399999999999996636,-0.057000000000000002054,0,0,0,1.1000000000000000888,0,1,-360,360,223.26579412259150104,15.574930309775297133,-222.60050316035687956,9.6239730210262415255
164,155,0.00089999999999999997537,0.023099999999999999006,-0.033000000000000001554,0,0,0,0.97999999999999998224,0,1,-360,360,230.58866848126436366,125.36362985951083715,-230.00851102346956623,-107.06410606689524911
182,139,0.00029999999999999997372,0.013100000000000000533,0,0,0,0,1.0300000000000000266,0,1,-360,360,-85.062985576775162144,-96.190724809708754606,85.117819809066091352,98.585152953084204341
189,210,0,0.25200000000000000178,0,0,0,0,0.98999999999999999112,0,1,-360,360,-16.371315389733513967,4.8067910622725253944,16.371315389733510415,-4.0735986483908845912
193,196,0,0.23699999999999998845,0,0,0,0,1.0400000000000000355,0,1,-360,360,-23.424203270189313031,-12.896877591397787555,23.424203270189313031,14.833232813930779415
195,212,0.00080000000000000003834,0.036600000000000000588,0,0,0,0,1.1000000000000000888,0,1,-360,360,74.829464151499323066,-91.876081905664648275,-74.6999119199368522,97.803096499669777586
200,248,0,0.22000000000000000111,0,0,0,0,0.96999999999999997335,0,1,-360,360,-5.6320426957763682907,-2.5116187897269881546,5.6320426957763469744,2.5970151186465701976
201,69,0,0.098000000000000003775,0,0,0,0,0.95999999999999996447,0,1,-360,360,-44.038122520817339023,-8.5952650845683908898,44.038122520817381655,10.762418768165254335
202,211,0,0.12800000000000000266,0,0,0,0,0.97999999999999998224,0,1,-360,360,-25.255988052912965003,-7.5806982624358543177,25.255988052912993425,8.5338582025129205988
204,2040,0.020000000000000000416,0.2039999999999999869,-0.01200000000000000025,0,0,0,1,0,1,-360,360,-37.922955127713876777,-13.807984481260804799,38.308908224751270666,18.815516067691103075
209,198,0.025999999999999998807,0.21099999999999999312,0,0,0,0,1.0500000000000000444,0,1,-360,360,-49.163831053898306322,-26.520998508969640284,50.04996598927962026,33.712324330717414966
211,212,0.0030000000000000000625,0.012200000000000000774,0,0,0,0,1,0,1,-360,360,-117.50446477947021151,109.06058638495497348,118.31235898705922693,-105.77514994075963273
218,219,0.0010000000000000000208,0.03540000000000000091,-0.010000000000000000208,0,0,0,0.98999999999999999112,0,1,-360,360,-80.716125049266224778,-64.771505657168205516,80.829416364608761114,69.757478789870361879
223,224,0.0011999999999999998949,0.019499999999999999972,-0.36399999999999999023,0,0,0,1.1000000000000000888,0,1,-360,360,-104.92573413931897619,-179.50794225193357079,105.69388644988126202,220.95041309135385177
229,230,0.0010000000000000000208,0.033200000000000000344,0,0,0,0,1.0100000000000000089,0,1,-360,360,-343.77502414207083348,-58.04038876756578702,345.00000000239288056,98.709587330257974713
234,236,0.00050000000000000001041,0.016000000000000000333,0,0,0,0,1.0400000000000000355,0,1,-360,360,-597.70739128345474001,-240.5900686003189719,600.00000000561192337,313.95354770935404076
238,239,0.00050000000000000001041,0.016000000000000000333,0,0,0,0,1.0300000000000000266,0,1,-360,360,-548.09745521108470712,-185.46755926247197976,549.99999999999772626,246.34899250768859247
196,2040,0.00010000000000000000479,0.020000000000000000416,0,0,0,0,1,0,1,-360,360,38.310860231146726562,19.205917698894104717,-38.30890822299109999,-18.815516067767923403
119,1190,0.0010000000000000000208,0.022999999999999999611,0,0,0,0,1.1000000000000000888,0,1,-360,360,100.42846880514879615,31.894782518422417184,-100.30999999999998806,-29.169999999999696172
120,1200,0,0.022999999999999999611,0,0,0,0,1.0400000000000000355,0,1,-360,360,-99.999999583531590019,37.315176994654727594,99.99999958353160423,-34.169999958006044949
7002,2,0.0010000000000000000208,0.01460000000000000013,0,0,0,0,0.98999999999999999112,0,1,-360,360,622.99999999909573489,151.86667963808767468,-619.12056279522130353,-95.226896461523310222
7003,3,0,0.010540000000000000757,0,0,0,0,0.98999999999999999112,0,1,-360,360,1209.9999999541360012,422.60329996529577556,-1209.9999999541364559,-263.18974330277302442
7061,61,0,0.02380000000000000171,0,0,0,0,1.1000000000000000888,0,1,-360,360,399.99999949355986928,120.81117439956862825,-399.99999949355975559,-75.520336723499013942
7062,62,0,0.032140000000000001901,0,0,0,0,1,0,1,-360,360,399.99999995372195372,145.55964909819687136,-399.99999995372195372,-90.170951833934353203
7166,166,0,0.015400000000000000494,0,0,0,0,0.97999999999999998224,0,1,-360,360,552.99999999879730694,38.341910214525931622,-552.99999999879730694,7.36017583197372538
7024,24,0,0.028899999999999998607,0,0,0,0,1,0,1,-360,360,409.99999999683120677,65.708124189528376746,-409.99999999683103624,-19.164150778796521735
7001,1,0,0.01952999999999999875,0,0,0,0,0.96999999999999997335,0,1,-360,360,466.99999999292725761,114.12053999210631616,-466.99999999292725761,-68.519297390163103501
7130,130,0,0.019300000000000001182,0,0,0,0,0.92000000000000003997,0,1,-360,360,1291.9999999677456799,588.10207819834431575,-1291.9999999677456799,-274.85909866333457785
7011,11,0,0.019230000000000000565,0,0,0,0,1,0,1,-360,360,233.99999999928772354,49.08928735086580275,-233.99999999928772354,-37.500969573118105416
7023,23,0,0.022999999999999999611,0,0,0,0,1.0200000000000000178,0,1,-360,360,184.99999999955650765,107.50215382467543179,-184.99999999955650765,-97.944569293682505418
7049,49,0,0.012399999999999999564,0,0,0,0,0.94000000000000005773,0,1,-360,360,493.56761383175739866,93.061181953694813274,-493.56761383175739866,-64.786545628096675387
7139,139,0,0.016699999999999999567,0,0,0,0,1.0600000000000000533,0,1,-360,360,699.99999996146323156,263.63090154302125256,-699.99999996146323156,-170.24724870062922832
7012,12,0,0.031199999999999998568,0,0,0,0,0.94000000000000005773,0,1,-360,360,371.9999999932823016,229.57848957477483509,-371.99999999328224476,-177.05773650264751495
7017,17,0,0.016539999999999999147,0,0,0,0,1.0200000000000000178,0,1,-360,360,329.99999997343138602,358.25816690063658143,-329.99999997343155655,-320.01798572129087006
7039,39,0,0.031590000000000000024,0,0,0,0,1.0200000000000000178,0,1,-360,360,499.99999990300221953,170.95911263470839003,-499.999999903002049,-95.114971524671219072
7057,57,0,0.053469999999999996698,0,0,0,0,1.0200000000000000178,0,1,-360,360,164.99999997200959001,76.938586695160054774,-164.99999997200959001,-60.101047750327872166
7044,44,0,0.18180999999999999939,0,0,0,0,0.98999999999999999112,0,1,-360,360,36.999999985762080712,41.748086923954517147,-36.999999985762073607,-36.737090530665312826
7055,55,0,0.19606999999999999429,0,0,0,0,1.0100000000000000089,0,1,-360,360,44.999999985552165072,19.907321024599987425,-44.999999985552179282,-15.33856262772720136
7071,71,0,0.068959999999999993525,0,0,0,0,1,0,1,-360,360,115.99999998246552479,35.893970134803559802,-115.99999998246552479,-25.284044979656577823
